﻿<?xml version="1.0" ?>
<SoldierNameDatabase MODMERGE="replace">
    <Ethnicity name="afri" count="2" />
    <Ethnicity name="asi"  count="3" />
    <Ethnicity name="med"  count="5" />
    <Ethnicity name="nor"  count="11" />
    <Nation name="Australianf" chance="3" flag="australia">
        <Ethnicity name="nor" chance="3" />
        <Ethnicity name="med" chance="1" />
        <FirstName>Анна</FirstName>
        <FirstName>Вайолет</FirstName>
        <FirstName>Виктория</FirstName>
        <FirstName>Джейн</FirstName>
        <FirstName>Дженнифер</FirstName>
        <FirstName>Кейт</FirstName>
        <FirstName>Клер</FirstName>
        <FirstName>Клоэ</FirstName>
        <FirstName>Кэрол</FirstName>
        <FirstName>Лора</FirstName>
        <FirstName>Лорен</FirstName>
        <FirstName>Люси</FirstName>
        <FirstName>Натали</FirstName>
        <FirstName>Сара</FirstName>
        <FirstName>Софи</FirstName>
        <FirstName>Эллисон</FirstName>
        <FirstName>Эмма</FirstName>
        <LastName>Адамс</LastName>
        <LastName>Аллен</LastName>
        <LastName>Андерсон</LastName>
        <LastName>Баркер</LastName>
        <LastName>Барнс</LastName>
        <LastName>Батлер</LastName>
        <LastName>Бейкер</LastName>
        <LastName>Бейли</LastName>
        <LastName>Белл</LastName>
        <LastName>Беннетт</LastName>
        <LastName>Браун</LastName>
        <LastName>Вуд</LastName>
        <LastName>Грей</LastName>
        <LastName>Грин</LastName>
        <LastName>Гриффитс</LastName>
        <LastName>Дейвис</LastName>
        <LastName>Джеймс</LastName>
        <LastName>Джексон</LastName>
        <LastName>Дженкинс</LastName>
        <LastName>Джонс</LastName>
        <LastName>Джонсон</LastName>
        <LastName>Диксон</LastName>
        <LastName>Картер</LastName>
        <LastName>Келли</LastName>
        <LastName>Кемпбелл</LastName>
        <LastName>Кинг</LastName>
        <LastName>Кларк</LastName>
        <LastName>Кокс</LastName>
        <LastName>Коллинз</LastName>
        <LastName>Кук</LastName>
        <LastName>Купер</LastName>
        <LastName>Ли</LastName>
        <LastName>Ллойд</LastName>
        <LastName>Льюис</LastName>
        <LastName>Мартин</LastName>
        <LastName>Маршалл</LastName>
        <LastName>Мейсон</LastName>
        <LastName>Мерфи</LastName>
        <LastName>Миллер</LastName>
        <LastName>Миллз</LastName>
        <LastName>Митчелл</LastName>
        <LastName>Морган</LastName>
        <LastName>Моррис</LastName>
        <LastName>Мур</LastName>
        <LastName>Мэттьюз</LastName>
        <LastName>Мюррей</LastName>
        <LastName>Найт</LastName>
        <LastName>Оуэн</LastName>
        <LastName>Палмер</LastName>
        <LastName>Паркер</LastName>
        <LastName>Пауэлл</LastName>
        <LastName>Прайс</LastName>
        <LastName>Райт</LastName>
        <LastName>Расселл</LastName>
        <LastName>Ричардс</LastName>
        <LastName>Ричардсон</LastName>
        <LastName>Робертс</LastName>
        <LastName>Робинсон</LastName>
        <LastName>Роджерс</LastName>
        <LastName>Симпсон</LastName>
        <LastName>Скотт</LastName>
        <LastName>Смит</LastName>
        <LastName>Стивенс</LastName>
        <LastName>Тейлор</LastName>
        <LastName>Тернер</LastName>
        <LastName>Томас</LastName>
        <LastName>Томпсон</LastName>
        <LastName>Уайт</LastName>
        <LastName>Уилкинсон</LastName>
        <LastName>Уилсон</LastName>
        <LastName>Уильямс</LastName>
        <LastName>Уолкер</LastName>
        <LastName>Уорд</LastName>
        <LastName>Уотсон</LastName>
        <LastName>Уэбб</LastName>
        <LastName>Филлипс</LastName>
        <LastName>Фишер</LastName>
        <LastName>Фостер</LastName>
        <LastName>Хант</LastName>
        <LastName>Харви</LastName>
        <LastName>Харрис</LastName>
        <LastName>Харрисон</LastName>
        <LastName>Хилл</LastName>
        <LastName>Холл</LastName>
        <LastName>Холмс</LastName>
        <LastName>Хьюз</LastName>
        <LastName>Чапман</LastName>
        <LastName>Шоу</LastName>
        <LastName>Эванс</LastName>
        <LastName>Эдвардс</LastName>
        <LastName>Эллис</LastName>
        <LastName>Янг</LastName>
        <Regiment name="regiment.aus1">
            <Experience>experience.aus1</Experience>
            <Experience>experience.aus2</Experience>
            <Experience>experience.aus3</Experience>
        </Regiment>
        <Regiment name="regiment.aus2">
            <Experience>experience.aus1</Experience>
            <Experience>experience.aus2</Experience>
            <Experience>experience.aus3</Experience>
        </Regiment>
    </Nation>
    <Nation name="Canadianf" chance="1" flag="canada">
        <Ethnicity name="nor" chance="3" />
        <FirstName>Алис</FirstName>
        <FirstName>Анаис</FirstName>
        <FirstName>Ариан</FirstName>
        <FirstName>Габриэль</FirstName>
        <FirstName>Жюльетт</FirstName>
        <FirstName>Зоэ</FirstName>
        <FirstName>Клоэ</FirstName>
        <FirstName>Корали</FirstName>
        <FirstName>Леа</FirstName>
        <FirstName>Магали</FirstName>
        <FirstName>Ноэми</FirstName>
        <FirstName>Орели</FirstName>
        <FirstName>Осеанн</FirstName>
        <FirstName>Розали</FirstName>
        <FirstName>Элоди</FirstName>
        <FirstName>Эмили</FirstName>
        <FirstName>Эмма</FirstName>
        <LastName>Бедaр</LastName>
        <LastName>Белaнже</LastName>
        <LastName>Бергерон</LastName>
        <LastName>Бернье</LastName>
        <LastName>Блез</LastName>
        <LastName>Бушaр</LastName>
        <LastName>Буше</LastName>
        <LastName>Бюлье</LastName>
        <LastName>Гaнье</LastName>
        <LastName>Гaньон</LastName>
        <LastName>Готье</LastName>
        <LastName>Гренье</LastName>
        <LastName>Дежaрдин</LastName>
        <LastName>Демер</LastName>
        <LastName>Дюб</LastName>
        <LastName>Жирaр</LastName>
        <LastName>Жозелин</LastName>
        <LastName>Кaрон</LastName>
        <LastName>Клотье</LastName>
        <LastName>Кот</LastName>
        <LastName>Кутюр</LastName>
        <LastName>Лaвой</LastName>
        <LastName>Лaндри</LastName>
        <LastName>Лaпуaнте</LastName>
        <LastName>Лaшaнс</LastName>
        <LastName>Леблaн</LastName>
        <LastName>Левеск</LastName>
        <LastName>Леклерк</LastName>
        <LastName>Лессaр</LastName>
        <LastName>Лефебр</LastName>
        <LastName>Мaртель</LastName>
        <LastName>Мaртен</LastName>
        <LastName>Мишод</LastName>
        <LastName>Морин</LastName>
        <LastName>Наде</LastName>
        <LastName>Пaрен</LastName>
        <LastName>Пельтье</LastName>
        <LastName>Полен</LastName>
        <LastName>Пуaрье</LastName>
        <LastName>Ришaр</LastName>
        <LastName>Рой</LastName>
        <LastName>Сaвaр</LastName>
        <LastName>Сенпьер</LastName>
        <LastName>Симaр</LastName>
        <LastName>Трембли</LastName>
        <LastName>Тюркот</LastName>
        <LastName>Улле</LastName>
        <LastName>Фортен</LastName>
        <LastName>Фурнье</LastName>
        <LastName>Эбер</LastName>
        <Regiment name="regiment.canada1">
            <Experience>experience.canada1</Experience>
            <Experience>experience.none</Experience>
        </Regiment>
        <Regiment name="regiment.canada3">
            <Experience>experience.none</Experience>
        </Regiment>
    </Nation>
    <Nation name="Canadianf" chance="2" flag="canada">
        <Ethnicity name="med" chance="2" />
        <Ethnicity name="nor" chance="2" />
        <Ethnicity name="afri" chance="1" />
        <FirstName>Анна</FirstName>
        <FirstName>Вайолет</FirstName>
        <FirstName>Виктория</FirstName>
        <FirstName>Джейн</FirstName>
        <FirstName>Дженнифер</FirstName>
        <FirstName>Кейт</FirstName>
        <FirstName>Клер</FirstName>
        <FirstName>Клоэ</FirstName>
        <FirstName>Кэрол</FirstName>
        <FirstName>Лора</FirstName>
        <FirstName>Лорен</FirstName>
        <FirstName>Люси</FirstName>
        <FirstName>Натали</FirstName>
        <FirstName>Сара</FirstName>
        <FirstName>Софи</FirstName>
        <FirstName>Эллисон</FirstName>
        <FirstName>Эмма</FirstName>
        <LastName>Андерсон</LastName>
        <LastName>Браун</LastName>
        <LastName>Ганье</LastName>
        <LastName>Джексон</LastName>
        <LastName>Джонс</LastName>
        <LastName>Кемпбелл</LastName>
        <LastName>Кларк</LastName>
        <LastName>Ли</LastName>
        <LastName>Макгроу</LastName>
        <LastName>Мартин</LastName>
        <LastName>Смит</LastName>
        <LastName>Тейлор</LastName>
        <LastName>Трембли</LastName>
        <LastName>Уайт</LastName>
        <LastName>Уилсон</LastName>
        <LastName>Уильямс</LastName>
        <LastName>Уолкер</LastName>
        <Regiment name="regiment.canada1">
            <Experience>experience.canada1</Experience>
            <Experience>experience.none</Experience>
        </Regiment>
        <Regiment name="regiment.canada2">
            <Experience>experience.none</Experience>
        </Regiment>
    </Nation>
    <Nation name="Czechoslovakianf" chance="2" flag="czechoslovakia">
        <Ethnicity name="med" chance="1" />
        <Ethnicity name="nor" chance="1" />
        <FirstName>Алена</FirstName>
        <FirstName>Анна</FirstName>
        <FirstName>Дана</FirstName>
        <FirstName>Дорота</FirstName>
        <FirstName>Камила</FirstName>
        <FirstName>Николь</FirstName>
        <FirstName>Нора</FirstName>
        <FirstName>Ольга</FirstName>
        <FirstName>Радка</FirstName>
        <FirstName>Симона</FirstName>
        <FirstName>Яна</FirstName>
        <LastName>Балажова</LastName>
        <LastName>Бенешова</LastName>
        <LastName>Блажкова</LastName>
        <LastName>Ваврова</LastName>
        <LastName>Весела</LastName>
        <LastName>Дворакова</LastName>
        <LastName>Елинкова</LastName>
        <LastName>Земанова</LastName>
        <LastName>Ковачева</LastName>
        <LastName>Коларова</LastName>
        <LastName>Кралова</LastName>
        <LastName>Кучерова</LastName>
        <LastName>Лукачева</LastName>
        <LastName>Мала</LastName>
        <LastName>Маркова</LastName>
        <LastName>Немцова</LastName>
        <LastName>Новакова</LastName>
        <LastName>Новотна</LastName>
        <LastName>Покорна</LastName>
        <LastName>Полякова</LastName>
        <LastName>Ружичкова</LastName>
        <LastName>Руснакова</LastName>
        <LastName>Свободова</LastName>
        <LastName>Фиалова</LastName>
        <LastName>Хайкова</LastName>
        <LastName>Хоракова</LastName>
        <LastName>Чермакова</LastName>
        <LastName>Черна</LastName>
        <Regiment name="regiment.czech1">
            <Experience>experience.russian1</Experience>
            <Experience>experience.none</Experience>
        </Regiment>
    </Nation>
    <Nation name="Danishf" chance="1" flag="denmark">
        <Ethnicity name="med" chance="1" />
        <Ethnicity name="nor" chance="3" />
        <FirstName>Альма</FirstName>
        <FirstName>Аста</FirstName>
        <FirstName>Ида</FirstName>
        <FirstName>Карла</FirstName>
        <FirstName>Кароль</FirstName>
        <FirstName>Клара</FirstName>
        <FirstName>Леа</FirstName>
        <FirstName>Лона</FirstName>
        <FirstName>Майя</FirstName>
        <FirstName>Софие</FirstName>
        <FirstName>Фрайя</FirstName>
        <FirstName>Юлие</FirstName>
        <LastName>Андерсен</LastName>
        <LastName>Йенсен</LastName>
        <LastName>Йепсен</LastName>
        <LastName>Клаусен</LastName>
        <LastName>Кнудсен</LastName>
        <LastName>Кристенсен</LastName>
        <LastName>Кьер</LastName>
        <LastName>Ларсен</LastName>
        <LastName>Мадсен</LastName>
        <LastName>Нильсен</LastName>
        <LastName>Ниссен</LastName>
        <LastName>Олесен</LastName>
        <LastName>Педерсен</LastName>
        <LastName>Томсен</LastName>
        <LastName>Хансен</LastName>
        <LastName>Эриксен</LastName>
        <LastName>Якобсен</LastName>
        <Regiment name="regiment.danish1">
            <Experience>experience.none</Experience>
        </Regiment>
        <Regiment name="regiment.danish2">
            <Experience>experience.none</Experience>
        </Regiment>
        <Regiment name="regiment.danish3">
            <Experience>experience.none</Experience>
        </Regiment>
    </Nation>
    <Nation name="East Germanf" chance="2" flag="eastgermany">
        <Ethnicity name="nor" chance="3" />
        <Ethnicity name="med" chance="1" />
        <FirstName>Агата</FirstName>
        <FirstName>Аня</FirstName>
        <FirstName>Астрид</FirstName>
        <FirstName>Гизела</FirstName>
        <FirstName>Дора</FirstName>
        <FirstName>Ингрид</FirstName>
        <FirstName>Керстин</FirstName>
        <FirstName>Клаудия</FirstName>
        <FirstName>Лара</FirstName>
        <FirstName>Марина</FirstName>
        <FirstName>Моника</FirstName>
        <FirstName>Нина</FirstName>
        <FirstName>Петра</FirstName>
        <FirstName>Сабина</FirstName>
        <FirstName>Фрида</FirstName>
        <FirstName>Хайке</FirstName>
        <FirstName>Хельма</FirstName>
        <FirstName>Хильда</FirstName>
        <FirstName>Эрика</FirstName>
        <FirstName>Яна</FirstName>
        <LastName>Бауманн</LastName>
        <LastName>Бауэр</LastName>
        <LastName>Бек</LastName>
        <LastName>Бекер</LastName>
        <LastName>Бергер</LastName>
        <LastName>Браун</LastName>
        <LastName>Буш</LastName>
        <LastName>Вагнер</LastName>
        <LastName>Вальтер</LastName>
        <LastName>Вебер</LastName>
        <LastName>Вернер</LastName>
        <LastName>Винклер</LastName>
        <LastName>Вольф</LastName>
        <LastName>Граф</LastName>
        <LastName>Кайзер</LastName>
        <LastName>Келлер</LastName>
        <LastName>Кляйн</LastName>
        <LastName>Кох</LastName>
        <LastName>Краузе</LastName>
        <LastName>Леманн</LastName>
        <LastName>Лоренц</LastName>
        <LastName>Лянг</LastName>
        <LastName>Лянге</LastName>
        <LastName>Майер</LastName>
        <LastName>Нойманн</LastName>
        <LastName>Рихтер</LastName>
        <LastName>Рот</LastName>
        <LastName>Фишер</LastName>
        <LastName>Фогель</LastName>
        <LastName>Фридрих</LastName>
        <LastName>Хан</LastName>
        <LastName>Хартманн</LastName>
        <LastName>Хоффман</LastName>
        <LastName>Хубер</LastName>
        <LastName>Шварц</LastName>
        <LastName>Шмидт</LastName>
        <LastName>Шмитт</LastName>
        <LastName>Шмитц</LastName>
        <LastName>Шнайдер</LastName>
        <LastName>Штайн</LastName>
        <LastName>Шуберт</LastName>
        <LastName>Шульц</LastName>
        <LastName>Юнг</LastName>
        <Regiment name="regiment.Egermany1">
            <Experience>experience.none</Experience>
        </Regiment>
        <Regiment name="regiment.Egermany2">
            <Experience>experience.none</Experience>
            <Experience>experience.EG1</Experience>
            <Experience>experience.EG2</Experience>
            <Experience>experience.EG3</Experience>
            <Experience>experience.EG4</Experience>
        </Regiment>
        <Regiment name="regiment.Egermany3">
            <Experience>experience.none</Experience>
        </Regiment>
        <Regiment name="regiment.Egermany4">
            <Experience>experience.none</Experience>
            <Experience>experience.EG1</Experience>
            <Experience>experience.EG2</Experience>
            <Experience>experience.EG3</Experience>
            <Experience>experience.EG4</Experience>
        </Regiment>
    </Nation>
    <Nation name="Finnishf" chance="2" flag="finland">
        <Ethnicity name="med" chance="1" />
        <Ethnicity name="nor" chance="3" />
        <FirstName>Аада</FirstName>
        <FirstName>Айно</FirstName>
        <FirstName>Алиса</FirstName>
        <FirstName>Венла</FirstName>
        <FirstName>Веэра</FirstName>
        <FirstName>Иида</FirstName>
        <FirstName>Мерья</FirstName>
        <FirstName>Миия</FirstName>
        <FirstName>Ниина</FirstName>
        <FirstName>Ноора</FirstName>
        <FirstName>Пинья</FirstName>
        <FirstName>Рооса</FirstName>
        <FirstName>Сиири</FirstName>
        <FirstName>Ээва</FirstName>
        <LastName>Ахонен</LastName>
        <LastName>Виртанен</LastName>
        <LastName>Йокинен</LastName>
        <LastName>Киннунен</LastName>
        <LastName>Корхонен</LastName>
        <LastName>Коскинен</LastName>
        <LastName>Лайне</LastName>
        <LastName>Лайтинен</LastName>
        <LastName>Маттила</LastName>
        <LastName>Мякинен</LastName>
        <LastName>Ниеминен</LastName>
        <LastName>Сааринен</LastName>
        <LastName>Сало</LastName>
        <LastName>Салонен</LastName>
        <LastName>Турунен</LastName>
        <LastName>Хейккинен</LastName>
        <LastName>Хейнонен</LastName>
        <Regiment name="regiment.finn1">
            <Experience>experience.none</Experience>
        </Regiment>
    </Nation>
    <Nation name="Frenchf" chance="6" flag="france">
        <Ethnicity name="med" chance="2" />
        <Ethnicity name="nor" chance="4" />
        <Ethnicity name="afri" chance="1" />
        <FirstName>Алис</FirstName>
        <FirstName>Анаис</FirstName>
        <FirstName>Ариан</FirstName>
        <FirstName>Габриэль</FirstName>
        <FirstName>Жюльетт</FirstName>
        <FirstName>Зоэ</FirstName>
        <FirstName>Клоэ</FirstName>
        <FirstName>Корали</FirstName>
        <FirstName>Леа</FirstName>
        <FirstName>Магали</FirstName>
        <FirstName>Ноэми</FirstName>
        <FirstName>Орели</FirstName>
        <FirstName>Осеанн</FirstName>
        <FirstName>Розали</FirstName>
        <FirstName>Элоди</FirstName>
        <FirstName>Эмили</FirstName>
        <FirstName>Эмма</FirstName>
        <LastName>Бернар</LastName>
        <LastName>Блон</LastName>
        <LastName>Дюбуа</LastName>
        <LastName>Дюваль</LastName>
        <LastName>Дюран</LastName>
        <LastName>Леруа</LastName>
        <LastName>Лефевр</LastName>
        <LastName>Лоран</LastName>
        <LastName>Мерсье</LastName>
        <LastName>Морен</LastName>
        <LastName>Моро</LastName>
        <LastName>Ноэль</LastName>
        <LastName>Пети</LastName>
        <LastName>Рено</LastName>
        <LastName>Роше</LastName>
        <LastName>Тома</LastName>
        <LastName>Форе</LastName>
        <Regiment name="regiment.french1">
            <Experience>experience.none</Experience>
            <Experience>experience.french1</Experience>
            <Experience>experience.french2</Experience>
        </Regiment>
        <Regiment name="regiment.french2">
            <Experience>experience.none</Experience>
            <Experience>experience.french1</Experience>
            <Experience>experience.french2</Experience>
        </Regiment>
        <Regiment name="regiment.french3">
            <Experience>experience.none</Experience>
            <Experience>experience.french1</Experience>
            <Experience>experience.french2</Experience>
        </Regiment>
        <Regiment name="regiment.french4">
            <Experience>experience.none</Experience>
        </Regiment>
    </Nation>
    <Nation name="Greekf" chance="1" flag="greece">
        <Ethnicity name="med" chance="1" />
        <FirstName>Анна</FirstName>
        <FirstName>Георгия</FirstName>
        <FirstName>Димитра</FirstName>
        <FirstName>Иоанна</FirstName>
        <FirstName>Ирини</FirstName>
        <FirstName>Мария</FirstName>
        <FirstName>София</FirstName>
        <FirstName>Элени</FirstName>
        <LastName>Анастос</LastName>
        <LastName>Ангелис</LastName>
        <LastName>Атхас</LastName>
        <LastName>Барос</LastName>
        <LastName>Влахос</LastName>
        <LastName>Габрис</LastName>
        <LastName>Дракос</LastName>
        <LastName>Дукас</LastName>
        <LastName>Кайрис</LastName>
        <LastName>Лазос</LastName>
        <LastName>Леос</LastName>
        <LastName>Лорис</LastName>
        <LastName>Малас</LastName>
        <LastName>Петрас</LastName>
        <Regiment name="regiment.greek1">
            <Experience>experience.none</Experience>
        </Regiment>
        <Regiment name="regiment.greek2">
            <Experience>experience.none</Experience>
        </Regiment>
        <Regiment name="regiment.greek3">
            <Experience>experience.none</Experience>
        </Regiment>
    </Nation>
    <Nation name="Hungarianf" chance="1" flag="hungary">
        <Ethnicity name="med" chance="1" />
        <Ethnicity name="nor" chance="1" />
        <FirstName>Алида</FirstName>
        <FirstName>Вилма</FirstName>
        <FirstName>Джудит</FirstName>
        <FirstName>Ева</FirstName>
        <FirstName>Илона</FirstName>
        <FirstName>Карола</FirstName>
        <FirstName>Ката</FirstName>
        <FirstName>Кэйталин</FirstName>
        <FirstName>Сара</FirstName>
        <FirstName>Фрида</FirstName>
        <FirstName>Хаджнал</FirstName>
        <FirstName>Эдит</FirstName>
        <LastName>Альфелди</LastName>
        <LastName>Кишш</LastName>
        <LastName>Ковач</LastName>
        <LastName>Надь</LastName>
        <LastName>Пернеки</LastName>
        <LastName>Сабо</LastName>
        <LastName>Тот</LastName>
        <LastName>Хорват</LastName>
        <LastName>Шафар</LastName>
        <Regiment name="regiment.hungary1">
            <Experience>experience.none</Experience>
        </Regiment>
    </Nation>
    <Nation name="Italianf" chance="6" flag="italy">
        <Ethnicity name="med" chance="1" />
        <Ethnicity name="nor" chance="1" />
        <FirstName>Алессия</FirstName>
        <FirstName>Альда</FirstName>
        <FirstName>Бруна</FirstName>
        <FirstName>Валерия</FirstName>
        <FirstName>Вероника</FirstName>
        <FirstName>Джулия</FirstName>
        <FirstName>Ирене</FirstName>
        <FirstName>Камилла</FirstName>
        <FirstName>Карлотта</FirstName>
        <FirstName>Кончетта</FirstName>
        <FirstName>Лючия</FirstName>
        <FirstName>Марта</FirstName>
        <FirstName>Оттавия</FirstName>
        <FirstName>Роза</FirstName>
        <FirstName>Стелла</FirstName>
        <FirstName>Федерика</FirstName>
        <LastName>Булгарелли</LastName>
        <LastName>Бьянки</LastName>
        <LastName>Веронезе</LastName>
        <LastName>Вирджили</LastName>
        <LastName>Губеллини</LastName>
        <LastName>Дельи Эспости</LastName>
        <LastName>Панкальди</LastName>
        <LastName>Риччи</LastName>
        <LastName>Романо</LastName>
        <LastName>Росси</LastName>
        <LastName>Сабатини</LastName>
        <LastName>Эспозито</LastName>
        <Regiment name="regiment.italy1">
            <Experience>experience.none</Experience>
        </Regiment>
        <Regiment name="regiment.italy2">
            <Experience>experience.none</Experience>
        </Regiment>
        <Regiment name="regiment.italy3">
            <Experience>experience.none</Experience>
        </Regiment>
    </Nation>
    <Nation name="Japanesef" chance="6" flag="japan">
        <Ethnicity name="asi" chance="1" />
        <FirstName>Айко</FirstName>
        <FirstName>Аяко</FirstName>
        <FirstName>Ицуко</FirstName>
        <FirstName>Котори</FirstName>
        <FirstName>Кэй</FirstName>
        <FirstName>Мацако</FirstName>
        <FirstName>Мию</FirstName>
        <FirstName>Мэй</FirstName>
        <FirstName>Нагако</FirstName>
        <FirstName>Нао</FirstName>
        <FirstName>Рури</FirstName>
        <FirstName>Сая</FirstName>
        <FirstName>Тине</FirstName>
        <FirstName>Харуко</FirstName>
        <FirstName>Эцуко</FirstName>
        <LastName>Андо</LastName>
        <LastName>Икэда</LastName>
        <LastName>Ито</LastName>
        <LastName>Кимура</LastName>
        <LastName>Кондо</LastName>
        <LastName>Кубо</LastName>
        <LastName>Мацуда</LastName>
        <LastName>Мацуи</LastName>
        <LastName>Маэда</LastName>
        <LastName>Мори</LastName>
        <LastName>Накано</LastName>
        <LastName>Окада</LastName>
        <LastName>Сакаи</LastName>
        <LastName>Сато</LastName>
        <LastName>Сузуки</LastName>
        <LastName>Такада</LastName>
        <LastName>Танака</LastName>
        <LastName>Татибана</LastName>
        <LastName>Тоеда</LastName>
        <LastName>Утида</LastName>
        <LastName>Фудзита</LastName>
        <LastName>Хара</LastName>
        <LastName>Хонго</LastName>
        <LastName>Эндо</LastName>
        <LastName>Ясуда</LastName>
        <Regiment name="regiment.japan1">
            <Experience>experience.none</Experience>
        </Regiment>
        <Regiment name="regiment.japan2">
            <Experience>experience.none</Experience>
        </Regiment>
    </Nation>
    <Nation name="Dutchf" chance="2" flag="netherlands">
        <Ethnicity name="med" chance="2" />
        <Ethnicity name="nor" chance="4" />
        <Ethnicity name="afri" chance="1" />
        <FirstName>Анна</FirstName>
        <FirstName>Анне</FirstName>
        <FirstName>Изабелла</FirstName>
        <FirstName>Лике</FirstName>
        <FirstName>Лина</FirstName>
        <FirstName>Нора</FirstName>
        <FirstName>Роза</FirstName>
        <FirstName>Санне</FirstName>
        <FirstName>Софи</FirstName>
        <FirstName>Фемке</FirstName>
        <FirstName>Флорнине</FirstName>
        <FirstName>Эва</FirstName>
        <FirstName>Юлия</FirstName>
        <LastName>Баккер</LastName>
        <LastName>ван Дейк</LastName>
        <LastName>Виллемс</LastName>
        <LastName>Вос</LastName>
        <LastName>де Берг</LastName>
        <LastName>де Граф</LastName>
        <LastName>де Йонг</LastName>
        <LastName>де Фриз</LastName>
        <LastName>Деккер</LastName>
        <LastName>Мейер</LastName>
        <LastName>Мюлдер</LastName>
        <LastName>Петерс</LastName>
        <LastName>Смит</LastName>
        <LastName>Фиссер</LastName>
        <LastName>Хендрикс</LastName>
        <LastName>Янсен</LastName>
        <Regiment name="regiment.dutch1">
            <Experience>experience.none</Experience>
        </Regiment>
        <Regiment name="regiment.dutch2">
            <Experience>experience.none</Experience>
            <Experience>experience.dutch1</Experience>
        </Regiment>
        <Regiment name="regiment.dutch3">
            <Experience>experience.none</Experience>
            <Experience>experience.dutch2</Experience>
        </Regiment>
    </Nation>
    <Nation name="New Zealanderf" chance="1" flag="newzealand">
        <Ethnicity name="med"  chance="1" />
        <Ethnicity name="nor"  chance="3" />
        <FirstName>Анна</FirstName>
        <FirstName>Вайолет</FirstName>
        <FirstName>Виктория</FirstName>
        <FirstName>Джейн</FirstName>
        <FirstName>Дженнифер</FirstName>
        <FirstName>Кейт</FirstName>
        <FirstName>Клер</FirstName>
        <FirstName>Клоэ</FirstName>
        <FirstName>Кэрол</FirstName>
        <FirstName>Лора</FirstName>
        <FirstName>Лорен</FirstName>
        <FirstName>Люси</FirstName>
        <FirstName>Натали</FirstName>
        <FirstName>Сара</FirstName>
        <FirstName>Софи</FirstName>
        <FirstName>Эллисон</FirstName>
        <FirstName>Эмма</FirstName>
        <LastName>Адамс</LastName>
        <LastName>Аллен</LastName>
        <LastName>Андерсон</LastName>
        <LastName>Баркер</LastName>
        <LastName>Барнс</LastName>
        <LastName>Батлер</LastName>
        <LastName>Бейкер</LastName>
        <LastName>Бейли</LastName>
        <LastName>Белл</LastName>
        <LastName>Беннетт</LastName>
        <LastName>Браун</LastName>
        <LastName>Вуд</LastName>
        <LastName>Грей</LastName>
        <LastName>Грин</LastName>
        <LastName>Гриффитс</LastName>
        <LastName>Дейвис</LastName>
        <LastName>Джеймс</LastName>
        <LastName>Джексон</LastName>
        <LastName>Дженкинс</LastName>
        <LastName>Джонс</LastName>
        <LastName>Джонсон</LastName>
        <LastName>Диксон</LastName>
        <LastName>Картер</LastName>
        <LastName>Келли</LastName>
        <LastName>Кемпбелл</LastName>
        <LastName>Кинг</LastName>
        <LastName>Кларк</LastName>
        <LastName>Кокс</LastName>
        <LastName>Коллинз</LastName>
        <LastName>Кук</LastName>
        <LastName>Купер</LastName>
        <LastName>Ли</LastName>
        <LastName>Ллойд</LastName>
        <LastName>Льюис</LastName>
        <LastName>Мартин</LastName>
        <LastName>Маршалл</LastName>
        <LastName>Мейсон</LastName>
        <LastName>Мерфи</LastName>
        <LastName>Миллер</LastName>
        <LastName>Миллз</LastName>
        <LastName>Митчелл</LastName>
        <LastName>Морган</LastName>
        <LastName>Моррис</LastName>
        <LastName>Мур</LastName>
        <LastName>Мэттьюз</LastName>
        <LastName>Мюррей</LastName>
        <LastName>Найт</LastName>
        <LastName>Оуэн</LastName>
        <LastName>Палмер</LastName>
        <LastName>Паркер</LastName>
        <LastName>Пауэлл</LastName>
        <LastName>Прайс</LastName>
        <LastName>Райт</LastName>
        <LastName>Расселл</LastName>
        <LastName>Ричардс</LastName>
        <LastName>Ричардсон</LastName>
        <LastName>Робертс</LastName>
        <LastName>Робинсон</LastName>
        <LastName>Роджерс</LastName>
        <LastName>Симпсон</LastName>
        <LastName>Скотт</LastName>
        <LastName>Смит</LastName>
        <LastName>Стивенс</LastName>
        <LastName>Тейлор</LastName>
        <LastName>Тернер</LastName>
        <LastName>Томас</LastName>
        <LastName>Томпсон</LastName>
        <LastName>Уайт</LastName>
        <LastName>Уилкинсон</LastName>
        <LastName>Уилсон</LastName>
        <LastName>Уильямс</LastName>
        <LastName>Уолкер</LastName>
        <LastName>Уорд</LastName>
        <LastName>Уотсон</LastName>
        <LastName>Уэбб</LastName>
        <LastName>Филлипс</LastName>
        <LastName>Фишер</LastName>
        <LastName>Фостер</LastName>
        <LastName>Хант</LastName>
        <LastName>Харви</LastName>
        <LastName>Харрис</LastName>
        <LastName>Харрисон</LastName>
        <LastName>Хилл</LastName>
        <LastName>Холл</LastName>
        <LastName>Холмс</LastName>
        <LastName>Хьюз</LastName>
        <LastName>Чапман</LastName>
        <LastName>Шоу</LastName>
        <LastName>Эванс</LastName>
        <LastName>Эдвардс</LastName>
        <LastName>Эллис</LastName>
        <LastName>Янг</LastName>
        <Regiment name="regiment.nz1">
            <Experience>experience.nz1</Experience>
            <Experience>experience.nz2</Experience>
            <Experience>experience.nz3</Experience>
        </Regiment>
        <Regiment name="regiment.nz2">
            <Experience>experience.nz1</Experience>
            <Experience>experience.nz2</Experience>
            <Experience>experience.nz3</Experience>
        </Regiment>
    </Nation>
    <Nation name="Norwegianf" chance="2" flag="norway">
        <Ethnicity name="med" chance="1" />
        <Ethnicity name="nor" chance="3" />
        <FirstName>Ида</FirstName>
        <FirstName>Ингри</FirstName>
        <FirstName>Линнея</FirstName>
        <FirstName>Майя</FirstName>
        <FirstName>Мария</FirstName>
        <FirstName>Мия</FirstName>
        <FirstName>Нура</FirstName>
        <FirstName>Оливия</FirstName>
        <FirstName>Сара</FirstName>
        <FirstName>Теа</FirstName>
        <FirstName>Уда</FirstName>
        <FirstName>Фрида</FirstName>
        <FirstName>Элисе</FirstName>
        <FirstName>Эмма</FirstName>
        <LastName>Андерсен</LastName>
        <LastName>Арнесен</LastName>
        <LastName>Баккен</LastName>
        <LastName>Берг</LastName>
        <LastName>Йенсен</LastName>
        <LastName>Ларсен</LastName>
        <LastName>Лунд</LastName>
        <LastName>Лунде</LastName>
        <LastName>Нильсен</LastName>
        <LastName>Педерсен</LastName>
        <LastName>Сульберг</LastName>
        <LastName>Ульсен</LastName>
        <LastName>Хансен</LastName>
        <LastName>Хауген</LastName>
        <LastName>Хольм</LastName>
        <LastName>Эриксен</LastName>
        <LastName>Юхансен</LastName>
        <Regiment name="regiment.norway1">
            <Experience>experience.none</Experience>
        </Regiment>
        <Regiment name="regiment.norway2">
            <Experience>experience.none</Experience>
        </Regiment>
    </Nation>
    <Nation name="Polishf" chance="4" flag="poland">
        <Ethnicity name="med" chance="1" />
        <Ethnicity name="nor" chance="3" />
        <FirstName>Виктория</FirstName>
        <FirstName>Зофья</FirstName>
        <FirstName>Зузанна</FirstName>
        <FirstName>Лена</FirstName>
        <FirstName>Майя</FirstName>
        <FirstName>Наталия</FirstName>
        <FirstName>Оливия</FirstName>
        <FirstName>Юлия</FirstName>
        <LastName>Бениек</LastName>
        <LastName>Возняк</LastName>
        <LastName>Войчик</LastName>
        <LastName>Горска</LastName>
        <LastName>Дзежинска</LastName>
        <LastName>Домбровска</LastName>
        <LastName>Дуда</LastName>
        <LastName>Дудек</LastName>
        <LastName>Зелиньска</LastName>
        <LastName>Каминска</LastName>
        <LastName>Каня</LastName>
        <LastName>Ковальска</LastName>
        <LastName>Копик</LastName>
        <LastName>Кравчик</LastName>
        <LastName>Мазур</LastName>
        <LastName>Новак</LastName>
        <LastName>Павляк</LastName>
        <Regiment name="regiment.poland1">
            <Experience>experience.none</Experience>
            <Experience>experience.poland1</Experience>
        </Regiment>
        <Regiment name="regiment.poland2">
            <Experience>experience.none</Experience>
            <Experience>experience.poland1</Experience>
        </Regiment>
        <Regiment name="regiment.poland3">
            <Experience>experience.none</Experience>
            <Experience>experience.poland1</Experience>
        </Regiment>
        <Regiment name="regiment.poland4">
            <Experience>experience.none</Experience>
            <Experience>experience.poland1</Experience>
        </Regiment>
    </Nation>
    <Nation name="Spanishf" chance="5" flag="spain">
        <Ethnicity name="med" chance="3" />
        <Ethnicity name="nor" chance="1" />
        <FirstName>Альба</FirstName>
        <FirstName>Ана</FirstName>
        <FirstName>Антония</FirstName>
        <FirstName>Изабель</FirstName>
        <FirstName>Кармен</FirstName>
        <FirstName>Кристина</FirstName>
        <FirstName>Лусия</FirstName>
        <FirstName>Мария</FirstName>
        <FirstName>Нерея</FirstName>
        <FirstName>Ракель</FirstName>
        <FirstName>Сара</FirstName>
        <LastName>Алонсо</LastName>
        <LastName>Васкес</LastName>
        <LastName>Гарсиа</LastName>
        <LastName>Гомес</LastName>
        <LastName>Гонсалес</LastName>
        <LastName>Диас</LastName>
        <LastName>Лопес</LastName>
        <LastName>Мартинес</LastName>
        <LastName>Наварро</LastName>
        <LastName>Перес</LastName>
        <LastName>Рамос</LastName>
        <LastName>Ромеро</LastName>
        <LastName>Руис</LastName>
        <LastName>Санчес</LastName>
        <LastName>Серрано</LastName>
        <LastName>Торрес</LastName>
        <LastName>Фернандес</LastName>
        <Regiment name="regiment.spain1">
            <Experience>experience.spain1</Experience>
        </Regiment>
        <Regiment name="regiment.spain2">
            <Experience>experience.spain1</Experience>
        </Regiment>
        <Regiment name="regiment.spain3">
            <Experience>experience.spain1</Experience>
            <Experience>experience.spain2</Experience>
        </Regiment>
    </Nation>
    <Nation name="Swedishf" chance="2" flag="sweden">
        <Ethnicity name="med" chance="1" />
        <Ethnicity name="nor" chance="3" />
        <FirstName>Агнес</FirstName>
        <FirstName>Алис</FirstName>
        <FirstName>Альва</FirstName>
        <FirstName>Альма</FirstName>
        <FirstName>Вильма</FirstName>
        <FirstName>Линнея</FirstName>
        <FirstName>Майя</FirstName>
        <FirstName>Мария</FirstName>
        <FirstName>Нура</FirstName>
        <FirstName>Тюра</FirstName>
        <FirstName>Эльса</FirstName>
        <FirstName>Юлия</FirstName>
        <LastName>Берг</LastName>
        <LastName>Бергман</LastName>
        <LastName>Блум</LastName>
        <LastName>Валлин</LastName>
        <LastName>Карлссон</LastName>
        <LastName>Ларссон</LastName>
        <LastName>Линдберг</LastName>
        <LastName>Линдгрен</LastName>
        <LastName>Нильссон</LastName>
        <LastName>Нурберг</LastName>
        <LastName>Нурдин</LastName>
        <LastName>Перссон</LastName>
        <LastName>Фальк</LastName>
        <LastName>Хольмгрен</LastName>
        <LastName>Эклунд</LastName>
        <LastName>Юнссон</LastName>
        <Regiment name="regiment.swede1">
            <Experience>experience.none</Experience>
            <Experience>experience.swede1</Experience>
        </Regiment>
        <Regiment name="regiment.swede2">
            <Experience>experience.none</Experience>
            <Experience>experience.swede1</Experience>
        </Regiment>
    </Nation>
    <Nation name="Britishf" chance="7" flag="uk">
        <Ethnicity name="med" chance="2" />
        <Ethnicity name="afri" chance="1" />
        <Ethnicity name="nor" chance="2" />
        <FirstName>Анна</FirstName>
        <FirstName>Вайолет</FirstName>
        <FirstName>Виктория</FirstName>
        <FirstName>Джейн</FirstName>
        <FirstName>Дженнифер</FirstName>
        <FirstName>Кейт</FirstName>
        <FirstName>Клер</FirstName>
        <FirstName>Клоэ</FirstName>
        <FirstName>Кэрол</FirstName>
        <FirstName>Лора</FirstName>
        <FirstName>Лорен</FirstName>
        <FirstName>Люси</FirstName>
        <FirstName>Натали</FirstName>
        <FirstName>Сара</FirstName>
        <FirstName>Софи</FirstName>
        <FirstName>Эллисон</FirstName>
        <FirstName>Эмма</FirstName>
        <LastName>Адамс</LastName>
        <LastName>Аллен</LastName>
        <LastName>Андерсон</LastName>
        <LastName>Баркер</LastName>
        <LastName>Барнс</LastName>
        <LastName>Батлер</LastName>
        <LastName>Бейкер</LastName>
        <LastName>Бейли</LastName>
        <LastName>Белл</LastName>
        <LastName>Беннетт</LastName>
        <LastName>Браун</LastName>
        <LastName>Вуд</LastName>
        <LastName>Грей</LastName>
        <LastName>Грин</LastName>
        <LastName>Гриффитс</LastName>
        <LastName>Дейвис</LastName>
        <LastName>Джеймс</LastName>
        <LastName>Джексон</LastName>
        <LastName>Дженкинс</LastName>
        <LastName>Джонс</LastName>
        <LastName>Джонсон</LastName>
        <LastName>Диксон</LastName>
        <LastName>Картер</LastName>
        <LastName>Келли</LastName>
        <LastName>Кемпбелл</LastName>
        <LastName>Кинг</LastName>
        <LastName>Кларк</LastName>
        <LastName>Кокс</LastName>
        <LastName>Коллинз</LastName>
        <LastName>Кук</LastName>
        <LastName>Купер</LastName>
        <LastName>Ли</LastName>
        <LastName>Ллойд</LastName>
        <LastName>Льюис</LastName>
        <LastName>Мартин</LastName>
        <LastName>Маршалл</LastName>
        <LastName>Мейсон</LastName>
        <LastName>Мерфи</LastName>
        <LastName>Миллер</LastName>
        <LastName>Миллс</LastName>
        <LastName>Митчелл</LastName>
        <LastName>Морган</LastName>
        <LastName>Моррис</LastName>
        <LastName>Мур</LastName>
        <LastName>Мэттьюз</LastName>
        <LastName>Мюррей</LastName>
        <LastName>Найт</LastName>
        <LastName>Оуэн</LastName>
        <LastName>Палмер</LastName>
        <LastName>Паркер</LastName>
        <LastName>Пауэлл</LastName>
        <LastName>Прайс</LastName>
        <LastName>Райт</LastName>
        <LastName>Расселл</LastName>
        <LastName>Ричардс</LastName>
        <LastName>Ричардсон</LastName>
        <LastName>Робертс</LastName>
        <LastName>Робинсон</LastName>
        <LastName>Роджерс</LastName>
        <LastName>Симпсон</LastName>
        <LastName>Скотт</LastName>
        <LastName>Смит</LastName>
        <LastName>Стивенс</LastName>
        <LastName>Тейлор</LastName>
        <LastName>Тернер</LastName>
        <LastName>Томас</LastName>
        <LastName>Томпсон</LastName>
        <LastName>Уайт</LastName>
        <LastName>Уилкинсон</LastName>
        <LastName>Уилсон</LastName>
        <LastName>Уильямс</LastName>
        <LastName>Уолкер</LastName>
        <LastName>Уорд</LastName>
        <LastName>Уотсон</LastName>
        <LastName>Уэбб</LastName>
        <LastName>Филлипс</LastName>
        <LastName>Фишер</LastName>
        <LastName>Фостер</LastName>
        <LastName>Хант</LastName>
        <LastName>Харви</LastName>
        <LastName>Харрис</LastName>
        <LastName>Харрисон</LastName>
        <LastName>Хилл</LastName>
        <LastName>Холл</LastName>
        <LastName>Холмс</LastName>
        <LastName>Хьюз</LastName>
        <LastName>Чапман</LastName>
        <LastName>Шоу</LastName>
        <LastName>Эванс</LastName>
        <LastName>Эдвардс</LastName>
        <LastName>Эллис</LastName>
        <LastName>Янг</LastName>
        <Regiment name="regiment.britain1">
            <Experience>experience.britain1</Experience>
            <Experience>experience.britain2</Experience>
            <Experience>experience.none</Experience>
        </Regiment>
        <Regiment name="regiment.britain2">
            <Experience>experience.britain1</Experience>
            <Experience>experience.none</Experience>
        </Regiment>
        <Regiment name="regiment.britain3">
            <Experience>experience.britain1</Experience>
            <Experience>experience.none</Experience>
        </Regiment>
    </Nation>
    <Nation name="Americanf" chance="15" flag="usa">
        <Ethnicity name="nor" chance="1" />
        <Ethnicity name="med" chance="1" />
        <Ethnicity name="afri" chance="1" />
        <FirstName>Анна</FirstName>
        <FirstName>Вайолет</FirstName>
        <FirstName>Виктория</FirstName>
        <FirstName>Джейн</FirstName>
        <FirstName>Дженнифер</FirstName>
        <FirstName>Кейт</FirstName>
        <FirstName>Клер</FirstName>
        <FirstName>Клоэ</FirstName>
        <FirstName>Кэрол</FirstName>
        <FirstName>Лора</FirstName>
        <FirstName>Лорен</FirstName>
        <FirstName>Люси</FirstName>
        <FirstName>Натали</FirstName>
        <FirstName>Сара</FirstName>
        <FirstName>Софи</FirstName>
        <FirstName>Эллисон</FirstName>
        <FirstName>Эмма</FirstName>
        <LastName>Адамс</LastName>
        <LastName>Александер</LastName>
        <LastName>Аллен</LastName>
        <LastName>Андерсон</LastName>
        <LastName>Барнс</LastName>
        <LastName>Батлер</LastName>
        <LastName>Бейкер</LastName>
        <LastName>Бейли</LastName>
        <LastName>Белл</LastName>
        <LastName>Беннетт</LastName>
        <LastName>Брайант</LastName>
        <LastName>Браун</LastName>
        <LastName>Брукс</LastName>
        <LastName>Вашингтон</LastName>
        <LastName>Вуд</LastName>
        <LastName>Гарсиа</LastName>
        <LastName>Гонcалеc</LastName>
        <LastName>Грей</LastName>
        <LastName>Грин</LastName>
        <LastName>Гриффин</LastName>
        <LastName>Дейвис</LastName>
        <LastName>Джеймс</LastName>
        <LastName>Джексон</LastName>
        <LastName>Дженкинс</LastName>
        <LastName>Джонс</LastName>
        <LastName>Джонсон</LastName>
        <LastName>Диаc</LastName>
        <LastName>Картер</LastName>
        <LastName>Келли</LastName>
        <LastName>Кемпбелл</LastName>
        <LastName>Кинг</LastName>
        <LastName>Кларк</LastName>
        <LastName>Кокс</LastName>
        <LastName>Коллинс</LastName>
        <LastName>Коулман</LastName>
        <LastName>Кук</LastName>
        <LastName>Купер</LastName>
        <LastName>Ли</LastName>
        <LastName>Лонг</LastName>
        <LastName>Лопеc</LastName>
        <LastName>Льюис</LastName>
        <LastName>Мартин</LastName>
        <LastName>Мартинеc</LastName>
        <LastName>Мерфи</LastName>
        <LastName>Миллер</LastName>
        <LastName>Митчелл</LastName>
        <LastName>Морган</LastName>
        <LastName>Моррис</LastName>
        <LastName>Мур</LastName>
        <LastName>Нельсон</LastName>
        <LastName>Паркер</LastName>
        <LastName>Паттерсон</LastName>
        <LastName>Пауэлл</LastName>
        <LastName>Переc</LastName>
        <LastName>Перри</LastName>
        <LastName>Петерсон</LastName>
        <LastName>Прайс</LastName>
        <LastName>Райт</LastName>
        <LastName>Рамиреc</LastName>
        <LastName>Расселл</LastName>
        <LastName>Ривера</LastName>
        <LastName>Рид</LastName>
        <LastName>Ричардсон</LastName>
        <LastName>Робертс</LastName>
        <LastName>Робинсон</LastName>
        <LastName>Роджерс</LastName>
        <LastName>Родригеc</LastName>
        <LastName>Росс</LastName>
        <LastName>Сандерс</LastName>
        <LastName>Санчеc</LastName>
        <LastName>Симмонс</LastName>
        <LastName>Скотт</LastName>
        <LastName>Смит</LastName>
        <LastName>Стюард</LastName>
        <LastName>Тейлор</LastName>
        <LastName>Тернер</LastName>
        <LastName>Томас</LastName>
        <LastName>Томпсон</LastName>
        <LastName>Торрес</LastName>
        <LastName>Уайт</LastName>
        <LastName>Уилсон</LastName>
        <LastName>Уильямс</LastName>
        <LastName>Уолкер</LastName>
        <LastName>Уорд</LastName>
        <LastName>Уотсон</LastName>
        <LastName>Филлипс</LastName>
        <LastName>Флоурз</LastName>
        <LastName>Фостер</LastName>
        <LastName>Хайес</LastName>
        <LastName>Харрис</LastName>
        <LastName>Хендерсон</LastName>
        <LastName>Хилл</LastName>
        <LastName>Ховард</LastName>
        <LastName>Холл</LastName>
        <LastName>Хьюз</LastName>
        <LastName>Эбботт</LastName>
        <LastName>Эванс</LastName>
        <LastName>Эдвардс</LastName>
        <LastName>Эрнандес</LastName>
        <LastName>Янг</LastName>
        <Regiment name="regiment.america1">
            <Experience>experience.none</Experience>
            <Experience>experience.america1</Experience>
        </Regiment>
        <Regiment name="regiment.america2">
            <Experience>experience.none</Experience>
            <Experience>experience.america1</Experience>
        </Regiment>
        <Regiment name="regiment.america3">
            <Experience>experience.none</Experience>
            <Experience>experience.america1</Experience>
        </Regiment>
    </Nation>
    <Nation name="Belorussianf" chance="1" flag="ussr">
        <Ethnicity name="nor" chance="1" />
        <FirstName>Альбина</FirstName>
        <FirstName>Кира</FirstName>
        <FirstName>Надежда</FirstName>
        <FirstName>Олеся</FirstName>
        <LastName>Жук</LastName>
        <LastName>Климович</LastName>
        <LastName>Миронова</LastName>
        <LastName>Мороз</LastName>
        <LastName>Новикова</LastName>
        <LastName>Пашкевич</LastName>
        <LastName>Станкевич</LastName>
        <Regiment name="regiment.russian1">
            <Experience>experience.russian1</Experience>
            <Experience>experience.russian2</Experience>
            <Experience>experience.russian3</Experience>
            <Experience>experience.russian4</Experience>
            <Experience>experience.none</Experience>
        </Regiment>
        <Regiment name="regiment.russian2">
            <Experience>experience.russian1</Experience>
            <Experience>experience.russian2</Experience>
            <Experience>experience.russian3</Experience>
            <Experience>experience.none</Experience>
        </Regiment>
        <Regiment name="regiment.russian3">
            <Experience>experience.russian1</Experience>
            <Experience>experience.russian2</Experience>
            <Experience>experience.russian3</Experience>
            <Experience>experience.none</Experience>
        </Regiment>
        <Regiment name="regiment.russian4">
            <Experience>experience.russian1</Experience>
            <Experience>experience.russian2</Experience>
            <Experience>experience.russian3</Experience>
            <Experience>experience.russian4</Experience>
            <Experience>experience.none</Experience>
        </Regiment>
        <Regiment name="regiment.russian5">
            <Experience>experience.russian2</Experience>
            <Experience>experience.russian4</Experience>
            <Experience>experience.none</Experience>
        </Regiment>
        <Regiment name="regiment.russian6">
            <Experience>experience.none</Experience>
        </Regiment>
        <Regiment name="regiment.russian7">
            <Experience>experience.none</Experience>
        </Regiment>
        <Regiment name="regiment.russian8">
            <Experience>experience.russian1</Experience>
            <Experience>experience.russian2</Experience>
            <Experience>experience.russian3</Experience>
            <Experience>experience.russian4</Experience>
            <Experience>experience.none</Experience>
        </Regiment>
    </Nation>
    <Nation name="Kazakhf" chance="1" flag="ussr">
        <Ethnicity name="asi" chance="1" />
        <FirstName>Аиша</FirstName>
        <FirstName>Жулдыз</FirstName>
        <FirstName>Салтанат</FirstName>
        <LastName>Алиева</LastName>
        <LastName>Ахметова</LastName>
        <LastName>Ибрагимова</LastName>
        <LastName>Каримова</LastName>
        <LastName>Садыкова</LastName>
        <Regiment name="regiment.russian1">
            <Experience>experience.russian1</Experience>
            <Experience>experience.russian2</Experience>
            <Experience>experience.russian3</Experience>
            <Experience>experience.russian4</Experience>
            <Experience>experience.none</Experience>
        </Regiment>
        <Regiment name="regiment.russian2">
            <Experience>experience.russian1</Experience>
            <Experience>experience.russian2</Experience>
            <Experience>experience.russian3</Experience>
            <Experience>experience.none</Experience>
        </Regiment>
        <Regiment name="regiment.russian3">
            <Experience>experience.russian1</Experience>
            <Experience>experience.russian2</Experience>
            <Experience>experience.russian3</Experience>
            <Experience>experience.none</Experience>
        </Regiment>
        <Regiment name="regiment.russian4">
            <Experience>experience.russian1</Experience>
            <Experience>experience.russian2</Experience>
            <Experience>experience.russian3</Experience>
            <Experience>experience.russian4</Experience>
            <Experience>experience.none</Experience>
        </Regiment>
        <Regiment name="regiment.russian5">
            <Experience>experience.russian2</Experience>
            <Experience>experience.russian4</Experience>
            <Experience>experience.none</Experience>
        </Regiment>
        <Regiment name="regiment.russian6">
            <Experience>experience.none</Experience>
        </Regiment>
        <Regiment name="regiment.russian7">
            <Experience>experience.none</Experience>
        </Regiment>
        <Regiment name="regiment.russian8">
            <Experience>experience.russian1</Experience>
            <Experience>experience.russian2</Experience>
            <Experience>experience.russian3</Experience>
            <Experience>experience.russian4</Experience>
            <Experience>experience.none</Experience>
        </Regiment>
    </Nation>
    <Nation name="Russianf" chance="10" flag="ussr">
        <Ethnicity name="nor" chance="1" />
        <FirstName>Алевтина</FirstName>
        <FirstName>Александра</FirstName>
        <FirstName>Алиса</FirstName>
        <FirstName>Анна</FirstName>
        <FirstName>Антонина</FirstName>
        <FirstName>Анфиса</FirstName>
        <FirstName>Валентина</FirstName>
        <FirstName>Валерия</FirstName>
        <FirstName>Варвара</FirstName>
        <FirstName>Василиса</FirstName>
        <FirstName>Вера</FirstName>
        <FirstName>Вероника</FirstName>
        <FirstName>Виктория</FirstName>
        <FirstName>Галина</FirstName>
        <FirstName>Дарья</FirstName>
        <FirstName>Диана</FirstName>
        <FirstName>Евдокия</FirstName>
        <FirstName>Екатерина</FirstName>
        <FirstName>Елена</FirstName>
        <FirstName>Елизавета</FirstName>
        <FirstName>Жанна</FirstName>
        <FirstName>Зинаида</FirstName>
        <FirstName>Изабелла</FirstName>
        <FirstName>Инга</FirstName>
        <FirstName>Инна</FirstName>
        <FirstName>Карина</FirstName>
        <FirstName>Кира</FirstName>
        <FirstName>Клара</FirstName>
        <FirstName>Ксения</FirstName>
        <FirstName>Лидия</FirstName>
        <FirstName>Лилия</FirstName>
        <FirstName>Любовь</FirstName>
        <FirstName>Людмила</FirstName>
        <FirstName>Марина</FirstName>
        <FirstName>Марфа</FirstName>
        <FirstName>Наталья</FirstName>
        <FirstName>Нина</FirstName>
        <FirstName>Нонна</FirstName>
        <FirstName>Оксана</FirstName>
        <FirstName>Октябрина</FirstName>
        <FirstName>Ольга</FirstName>
        <FirstName>Полина</FirstName>
        <FirstName>Раиса</FirstName>
        <FirstName>Рената</FirstName>
        <FirstName>Светлана</FirstName>
        <FirstName>Софья</FirstName>
        <FirstName>Тамара</FirstName>
        <FirstName>Татьяна</FirstName>
        <FirstName>Фаина</FirstName>
        <FirstName>Эмма</FirstName>
        <FirstName>Юлия</FirstName>
        <FirstName>Яна</FirstName>
        <LastName>Абрамова</LastName>
        <LastName>Александрова</LastName>
        <LastName>Алексеева</LastName>
        <LastName>Андреева</LastName>
        <LastName>Антонова</LastName>
        <LastName>Афанасьева</LastName>
        <LastName>Баранова</LastName>
        <LastName>Белова</LastName>
        <LastName>Беляева</LastName>
        <LastName>Богданова</LastName>
        <LastName>Борисова</LastName>
        <LastName>Быкова</LastName>
        <LastName>Васильева</LastName>
        <LastName>Виноградова</LastName>
        <LastName>Власова</LastName>
        <LastName>Волкова</LastName>
        <LastName>Воробьёва</LastName>
        <LastName>Воронина</LastName>
        <LastName>Гаврилова</LastName>
        <LastName>Герасимова</LastName>
        <LastName>Голубева</LastName>
        <LastName>Григорьева</LastName>
        <LastName>Гусева</LastName>
        <LastName>Давыдова</LastName>
        <LastName>Данилова</LastName>
        <LastName>Денисова</LastName>
        <LastName>Дмитриева</LastName>
        <LastName>Егорова</LastName>
        <LastName>Ефимова</LastName>
        <LastName>Жукова</LastName>
        <LastName>Журавлёва</LastName>
        <LastName>Зайцева</LastName>
        <LastName>Захарова</LastName>
        <LastName>Иванова</LastName>
        <LastName>Ильина</LastName>
        <LastName>Исаева</LastName>
        <LastName>Казакова</LastName>
        <LastName>Калинина</LastName>
        <LastName>Карпова</LastName>
        <LastName>Киселёва</LastName>
        <LastName>Климова</LastName>
        <LastName>Ковалёва</LastName>
        <LastName>Козлова</LastName>
        <LastName>Комарова</LastName>
        <LastName>Коновалова</LastName>
        <LastName>Королёва</LastName>
        <LastName>Крылова</LastName>
        <LastName>Кудрявцева</LastName>
        <LastName>Кузнецова</LastName>
        <LastName>Кузьмина</LastName>
        <LastName>Куликова</LastName>
        <LastName>Лазарева</LastName>
        <LastName>Лебедева</LastName>
        <LastName>Макарова</LastName>
        <LastName>Максимова</LastName>
        <LastName>Маркова</LastName>
        <LastName>Мартынова</LastName>
        <LastName>Маслова</LastName>
        <LastName>Медведева</LastName>
        <LastName>Мельникова</LastName>
        <LastName>Миронова</LastName>
        <LastName>Михайлова</LastName>
        <LastName>Морозова</LastName>
        <LastName>Назарова</LastName>
        <LastName>Наумова</LastName>
        <LastName>Никитина</LastName>
        <LastName>Николаева</LastName>
        <LastName>Новикова</LastName>
        <LastName>Овчинникова</LastName>
        <LastName>Орлова</LastName>
        <LastName>Осипова</LastName>
        <LastName>Павлова</LastName>
        <LastName>Петрова</LastName>
        <LastName>Полякова</LastName>
        <LastName>Пономарёва</LastName>
        <LastName>Попова</LastName>
        <LastName>Потапова</LastName>
        <LastName>Прохорова</LastName>
        <LastName>Родионова</LastName>
        <LastName>Романова</LastName>
        <LastName>Савельева</LastName>
        <LastName>Семёнова</LastName>
        <LastName>Сергеева</LastName>
        <LastName>Сидорова</LastName>
        <LastName>Смирнова</LastName>
        <LastName>Соколова</LastName>
        <LastName>Соловьёва</LastName>
        <LastName>Сорокина</LastName>
        <LastName>Степанова</LastName>
        <LastName>Тарасова</LastName>
        <LastName>Тимофеева</LastName>
        <LastName>Титова</LastName>
        <LastName>Тихонова</LastName>
        <LastName>Трофимова</LastName>
        <LastName>Фёдорова</LastName>
        <LastName>Федотова</LastName>
        <LastName>Филатова</LastName>
        <LastName>Филиппова</LastName>
        <LastName>Фомина</LastName>
        <LastName>Фролова</LastName>
        <LastName>Чернова</LastName>
        <LastName>Чернышева</LastName>
        <LastName>Щербакова</LastName>
        <LastName>Яковлева</LastName>
        <Regiment name="regiment.russian1">
            <Experience>experience.russian1</Experience>
            <Experience>experience.russian2</Experience>
            <Experience>experience.russian3</Experience>
            <Experience>experience.russian4</Experience>
            <Experience>experience.none</Experience>
        </Regiment>
        <Regiment name="regiment.russian2">
            <Experience>experience.russian1</Experience>
            <Experience>experience.russian2</Experience>
            <Experience>experience.russian3</Experience>
            <Experience>experience.none</Experience>
        </Regiment>
        <Regiment name="regiment.russian3">
            <Experience>experience.russian1</Experience>
            <Experience>experience.russian2</Experience>
            <Experience>experience.russian3</Experience>
            <Experience>experience.none</Experience>
        </Regiment>
        <Regiment name="regiment.russian4">
            <Experience>experience.russian1</Experience>
            <Experience>experience.russian2</Experience>
            <Experience>experience.russian3</Experience>
            <Experience>experience.russian4</Experience>
            <Experience>experience.none</Experience>
        </Regiment>
        <Regiment name="regiment.russian5">
            <Experience>experience.russian2</Experience>
            <Experience>experience.russian4</Experience>
            <Experience>experience.none</Experience>
        </Regiment>
        <Regiment name="regiment.russian6">
            <Experience>experience.none</Experience>
        </Regiment>
        <Regiment name="regiment.russian7">
            <Experience>experience.none</Experience>
        </Regiment>
        <Regiment name="regiment.russian8">
            <Experience>experience.russian1</Experience>
            <Experience>experience.russian2</Experience>
            <Experience>experience.russian3</Experience>
            <Experience>experience.russian4</Experience>
            <Experience>experience.none</Experience>
        </Regiment>
    </Nation>
    <Nation name="Tatarf" chance="1" flag="ussr">
        <Ethnicity name="med" chance="1" />
        <FirstName>Динара</FirstName>
        <FirstName>Раиля</FirstName>
        <LastName>Зарипова</LastName>
        <LastName>Сафина</LastName>
        <LastName>Хайруллина</LastName>
        <LastName>Хасанова</LastName>
        <LastName>Шакирова</LastName>
        <Regiment name="regiment.russian1">
            <Experience>experience.russian1</Experience>
            <Experience>experience.russian2</Experience>
            <Experience>experience.russian3</Experience>
            <Experience>experience.russian4</Experience>
            <Experience>experience.none</Experience>
        </Regiment>
        <Regiment name="regiment.russian2">
            <Experience>experience.russian1</Experience>
            <Experience>experience.russian2</Experience>
            <Experience>experience.russian3</Experience>
            <Experience>experience.none</Experience>
        </Regiment>
        <Regiment name="regiment.russian3">
            <Experience>experience.russian1</Experience>
            <Experience>experience.russian2</Experience>
            <Experience>experience.russian3</Experience>
            <Experience>experience.none</Experience>
        </Regiment>
        <Regiment name="regiment.russian4">
            <Experience>experience.russian1</Experience>
            <Experience>experience.russian2</Experience>
            <Experience>experience.russian3</Experience>
            <Experience>experience.russian4</Experience>
            <Experience>experience.none</Experience>
        </Regiment>
        <Regiment name="regiment.russian5">
            <Experience>experience.russian2</Experience>
            <Experience>experience.russian4</Experience>
            <Experience>experience.none</Experience>
        </Regiment>
        <Regiment name="regiment.russian6">
            <Experience>experience.none</Experience>
        </Regiment>
        <Regiment name="regiment.russian7">
            <Experience>experience.none</Experience>
        </Regiment>
        <Regiment name="regiment.russian8">
            <Experience>experience.russian1</Experience>
            <Experience>experience.russian2</Experience>
            <Experience>experience.russian3</Experience>
            <Experience>experience.russian4</Experience>
            <Experience>experience.none</Experience>
        </Regiment>
    </Nation>
    <Nation name="Ukrainianf" chance="3" flag="ussr">
        <Ethnicity name="nor" chance="1" />
        <FirstName>Анастасия</FirstName>
        <FirstName>Антонина</FirstName>
        <FirstName>Богдана</FirstName>
        <FirstName>Валентина</FirstName>
        <FirstName>Василина</FirstName>
        <FirstName>Дарья</FirstName>
        <FirstName>Елена</FirstName>
        <FirstName>Злата</FirstName>
        <FirstName>Ирина</FirstName>
        <FirstName>Кристина</FirstName>
        <FirstName>Надежда</FirstName>
        <FirstName>Оксана</FirstName>
        <FirstName>Ольга</FirstName>
        <FirstName>Полина</FirstName>
        <FirstName>Юлия</FirstName>
        <FirstName>Яромира</FirstName>
        <LastName>Бойко</LastName>
        <LastName>Бондаренко</LastName>
        <LastName>Бондарь</LastName>
        <LastName>Василенко</LastName>
        <LastName>Величко</LastName>
        <LastName>Власенко</LastName>
        <LastName>Гаврилюк</LastName>
        <LastName>Гончаренко</LastName>
        <LastName>Коваленко</LastName>
        <LastName>Коваль</LastName>
        <LastName>Ковальчук</LastName>
        <LastName>Костюк</LastName>
        <LastName>Кравченко</LastName>
        <LastName>Кравчук</LastName>
        <LastName>Левченко</LastName>
        <LastName>Мазур</LastName>
        <LastName>Макаренко</LastName>
        <LastName>Мельник</LastName>
        <LastName>Олейник</LastName>
        <LastName>Панченко</LastName>
        <LastName>Полищук</LastName>
        <LastName>Пономаренко</LastName>
        <LastName>Приходько</LastName>
        <LastName>Романюк</LastName>
        <LastName>Руденко</LastName>
        <LastName>Савченко</LastName>
        <LastName>Терещенко</LastName>
        <LastName>Тимошенко</LastName>
        <LastName>Ткаченко</LastName>
        <LastName>Шевченко</LastName>
        <LastName>Шевчук</LastName>
        <LastName>Юрченко</LastName>
        <Regiment name="regiment.russian1">
            <Experience>experience.russian1</Experience>
            <Experience>experience.russian2</Experience>
            <Experience>experience.russian3</Experience>
            <Experience>experience.russian4</Experience>
            <Experience>experience.none</Experience>
        </Regiment>
        <Regiment name="regiment.russian2">
            <Experience>experience.russian1</Experience>
            <Experience>experience.russian2</Experience>
            <Experience>experience.russian3</Experience>
            <Experience>experience.none</Experience>
        </Regiment>
        <Regiment name="regiment.russian3">
            <Experience>experience.russian1</Experience>
            <Experience>experience.russian2</Experience>
            <Experience>experience.russian3</Experience>
            <Experience>experience.none</Experience>
        </Regiment>
        <Regiment name="regiment.russian4">
            <Experience>experience.russian1</Experience>
            <Experience>experience.russian2</Experience>
            <Experience>experience.russian3</Experience>
            <Experience>experience.russian4</Experience>
            <Experience>experience.none</Experience>
        </Regiment>
        <Regiment name="regiment.russian5">
            <Experience>experience.russian2</Experience>
            <Experience>experience.russian4</Experience>
            <Experience>experience.none</Experience>
        </Regiment>
        <Regiment name="regiment.russian6">
            <Experience>experience.none</Experience>
        </Regiment>
        <Regiment name="regiment.russian7">
            <Experience>experience.none</Experience>
        </Regiment>
        <Regiment name="regiment.russian8">
            <Experience>experience.russian1</Experience>
            <Experience>experience.russian2</Experience>
            <Experience>experience.russian3</Experience>
            <Experience>experience.russian4</Experience>
            <Experience>experience.none</Experience>
        </Regiment>
    </Nation>
    <Nation name="Uzbekf" chance="1" flag="ussr">
        <Ethnicity name="med" chance="1" />
        <FirstName>Гульнара</FirstName>
        <FirstName>Зульфия</FirstName>
        <FirstName>Зухра</FirstName>
        <FirstName>Наргиз</FirstName>
        <FirstName>Фатима</FirstName>
        <LastName>Абдуллаева</LastName>
        <LastName>Алимова</LastName>
        <LastName>Исмаилова</LastName>
        <LastName>Касымова</LastName>
        <LastName>Рахимова</LastName>
        <LastName>Рустамова</LastName>
        <LastName>Шарипова</LastName>
        <LastName>Ходжаева</LastName>
        <LastName>Юсупова</LastName>
        <LastName>Якубова</LastName>
        <Regiment name="regiment.russian1">
            <Experience>experience.russian1</Experience>
            <Experience>experience.russian2</Experience>
            <Experience>experience.russian3</Experience>
            <Experience>experience.russian4</Experience>
            <Experience>experience.none</Experience>
        </Regiment>
        <Regiment name="regiment.russian2">
            <Experience>experience.russian1</Experience>
            <Experience>experience.russian2</Experience>
            <Experience>experience.russian3</Experience>
            <Experience>experience.none</Experience>
        </Regiment>
        <Regiment name="regiment.russian3">
            <Experience>experience.russian1</Experience>
            <Experience>experience.russian2</Experience>
            <Experience>experience.russian3</Experience>
            <Experience>experience.none</Experience>
        </Regiment>
        <Regiment name="regiment.russian4">
            <Experience>experience.russian1</Experience>
            <Experience>experience.russian2</Experience>
            <Experience>experience.russian3</Experience>
            <Experience>experience.russian4</Experience>
            <Experience>experience.none</Experience>
        </Regiment>
        <Regiment name="regiment.russian5">
            <Experience>experience.russian2</Experience>
            <Experience>experience.russian4</Experience>
            <Experience>experience.none</Experience>
        </Regiment>
        <Regiment name="regiment.russian6">
            <Experience>experience.none</Experience>
        </Regiment>
        <Regiment name="regiment.russian7">
            <Experience>experience.none</Experience>
        </Regiment>
        <Regiment name="regiment.russian8">
            <Experience>experience.russian1</Experience>
            <Experience>experience.russian2</Experience>
            <Experience>experience.russian3</Experience>
            <Experience>experience.russian4</Experience>
            <Experience>experience.none</Experience>
        </Regiment>
    </Nation>
    <Nation name="West Germanf" chance="5" flag="westgermany">
        <Ethnicity name="nor" chance="3" />
        <Ethnicity name="med" chance="1" />
        <FirstName>Агата</FirstName>
        <FirstName>Аня</FirstName>
        <FirstName>Астрид</FirstName>
        <FirstName>Гизела</FirstName>
        <FirstName>Дора</FirstName>
        <FirstName>Ингрид</FirstName>
        <FirstName>Керстин</FirstName>
        <FirstName>Клаудия</FirstName>
        <FirstName>Лара</FirstName>
        <FirstName>Марина</FirstName>
        <FirstName>Моника</FirstName>
        <FirstName>Нина</FirstName>
        <FirstName>Петра</FirstName>
        <FirstName>Сабина</FirstName>
        <FirstName>Фрида</FirstName>
        <FirstName>Хайке</FirstName>
        <FirstName>Хельма</FirstName>
        <FirstName>Хильда</FirstName>
        <FirstName>Эрика</FirstName>
        <FirstName>Яна</FirstName>
        <LastName>Бауманн</LastName>
        <LastName>Бауэр</LastName>
        <LastName>Бек</LastName>
        <LastName>Бекер</LastName>
        <LastName>Бергер</LastName>
        <LastName>Браун</LastName>
        <LastName>Буш</LastName>
        <LastName>Вагнер</LastName>
        <LastName>Вальтер</LastName>
        <LastName>Вебер</LastName>
        <LastName>Вернер</LastName>
        <LastName>Винклер</LastName>
        <LastName>Вольф</LastName>
        <LastName>Граф</LastName>
        <LastName>Кайзер</LastName>
        <LastName>Келлер</LastName>
        <LastName>Кляйн</LastName>
        <LastName>Кох</LastName>
        <LastName>Краузе</LastName>
        <LastName>Леманн</LastName>
        <LastName>Лоренц</LastName>
        <LastName>Лянг</LastName>
        <LastName>Лянге</LastName>
        <LastName>Майер</LastName>
        <LastName>Нойманн</LastName>
        <LastName>Рихтер</LastName>
        <LastName>Рот</LastName>
        <LastName>Фишер</LastName>
        <LastName>Фогель</LastName>
        <LastName>Фридрих</LastName>
        <LastName>Хан</LastName>
        <LastName>Хартманн</LastName>
        <LastName>Хоффман</LastName>
        <LastName>Хубер</LastName>
        <LastName>Шварц</LastName>
        <LastName>Шмидт</LastName>
        <LastName>Шмитт</LastName>
        <LastName>Шмитц</LastName>
        <LastName>Шнайдер</LastName>
        <LastName>Штайн</LastName>
        <LastName>Шуберт</LastName>
        <LastName>Шульц</LastName>
        <LastName>Юнг</LastName>
        <Regiment name="regiment.Wgermany1">
            <Experience>experience.WG1</Experience>
            <Experience>experience.none</Experience>
        </Regiment>
        <Regiment name="regiment.Wgermany2">
            <Experience>experience.none</Experience>
        </Regiment>
        <Regiment name="regiment.Wgermany3">
            <Experience>experience.none</Experience>
        </Regiment>
    </Nation>
</SoldierNameDatabase>