﻿<?xml version="1.0"?>
<GCLoadingTips>
<Tip showOnFirstGroundCombat="true">Щелчком ПКМ по цели можно увеличить точность выстрела, затратив при этом больше очков действия. Некоторые виды оружия имеют несколько режимов стрельбы.</Tip>
<Tip>Можно изменить папку для сохранений в загрузчике игры.</Tip>
<Tip>К игре бесплатно прилагается повесть о событиях «Исландского инцидента» 1958 года и зарождении организации «Ксенонавтов». С ней можно познакомиться на вкладке «Extras» в загрузчике игры.</Tip>
<Tip>Специализация солдата не оказывает влияния на игровой процесс, а предназначена для удобства сортировки рода войск и сохранения выкладки снаряжения.</Tip>
<Tip>Даже если системы ПВО на базе не смогут полностью нейтрализовать атакующий НЛО, количество оставшихся в живых пришельцев в предстоящем сражении будет уменьшено.</Tip>
<Tip>Аптечка поможет восстановить лишь половину полученного урона.</Tip>
<Tip>В каждом звене может находиться до трёх перехватчиков, что поможет бороться с крупными НЛО.</Tip>
<Tip>Чтобы отправить солдата или воздушное судно в бой, их здоровье/прочность должно быть выше 50%.</Tip>
<Tip>В отличие от наземной операции, воздушный удар по месту крушения НЛО приносит лишь часть денег и лишает возможности получать предметы для исследований и улучшать навыки солдат.</Tip>
<Tip>После завершения сражения ксенонавт, павший от серьёзного ранения, имеет возможность выжить. Однако, чем сильнее его уровень здоровья опустился ниже нуля, тем меньше шансов на благоприятный исход.</Tip>
<Tip>Сбитые над водой НЛО не оставляют возможности зачистить место крушения, но это всё же приносит пользу в отношениях со странами.</Tip>
<Tip>Разработка этой игры стала возможной благодаря финансовой поддержке людей, оформивших предзаказ до её официального выпуска.</Tip>
<Tip>Проекты для лабораторных исследований можно распределять между несколькими базами, а проекты для мастерских — нет.</Tip>
<Tip>Если перехватчик был сбит, он будет автоматически отправлен на базу для восстановления. Однако этот процесс займёт намного больше времени, чем обычный ремонт. Постарайтесь избегать подобных ситуаций.</Tip>
<Tip>Используйте режим свободного прицеливания для ведения огня по различным объектам. Он активируется нажатием клавиши «Ctrl» или щелчком значка оружия в интерфейсе.</Tip>
<Tip>Вместо того, чтобы сразу пройти через находящиеся рядом двери, можно сперва открыть их, нажав по ним ПКМ, при этом боец останется на прежнем месте.</Tip>
<Tip>Щелчком ПКМ по цели можно увеличить точность выстрела, затратив при этом больше очков действия. Некоторые виды оружия имеют несколько режимов стрельбы.</Tip>
<Tip>Подавленный противник не может вести ответный огонь и на следующем ходу количество его очков действия будет уменьшено.</Tip>
<Tip>Выстрелы очередью не точны, однако эффективны на близкой дистанции и для подавления противника.</Tip>
<Tip>Расстояние до цели в пределах 5 клеток даёт бонус +15% к меткости за каждую клетку, но не более 60% в общем.</Tip>
<Tip>Присевший боец имеет дополнительный бонус к точности выстрела и попасть в него становится на 20% сложнее.</Tip>
<Tip>Можно выстрелить через укрытия или присевших ксенонавтов, не опасаясь нанести им урон.</Tip>
<Tip>Броня как у людей, так и у пришельцев, при повреждениях теряет прочность и становится менее эффективной до завершения боя.</Tip>
<Tip>Повреждения имеют значительную степень случайности – выстрел может нанести от 50% до 150% от основного урона.</Tip>
<Tip>Меткость и урон существенно снижаются, если цель находится за пределами эффективной дальности оружия.</Tip>
<Tip>Получение медали приносит бойцам +1 единицу отваги.</Tip>
<Tip>Характеристики бойцов вашего первоначального отряда значительно лучше, чем у новобранцев, поэтому постарайтесь сохранить его как можно дольше.</Tip>
<Tip>Гибель бойцов, названных в честь ваших друзей или членов семьи, приобретает более трагический/забавный оттенок.</Tip>
<Tip>Установка дополнительных радаров на базе позволяет увеличить радиус их действия (максимум в три раза).</Tip>
<Tip>Помимо стандартного способа изменения количества с помощью кнопок, можно изменить число на 10 единиц, нажимая ПКМ, или установить максимальное значение нажатием «Ctrl»+ЛКМ.</Tip>
<Tip>Дымовые гранаты могут помочь спасти жизни ваших бойцов.</Tip>
<Tip>Щиты всегда обеспечивают защиту от атак спереди, однако их эффективность снижается при ударах с фланга.</Tip>
<Tip>Можно задать траекторию полёта перехватчика, удерживая клавишу «Shift» для создания последовательности точек движения.</Tip>
<Tip>Высокий боевой дух обеспечивает защиту от псионических атак пришельцев.</Tip>
<Tip>Ксенонавт с самым высоким званием на задании становится командиром отряда. И пока он жив, весь отряд получает бонус к морали.</Tip>
<Tip>Ранение может вызвать потерю крови, что приводит к уменьшению очков здоровья на каждом ходу, пока не будет использована аптечка для лечения.</Tip>
<Tip>Если солдат перегружен, то количество его очков действия снизится.</Tip>
<Tip>Точность выстрелов по цели из тяжёлого оружия проходят с наименьшим значением таких характеристик бойца, как СИЛА и МЕТКОСТЬ.</Tip>
<Tip>Солдат с низким моральным духом в начале каждого хода может запаниковать, оставить свою позицию или прийти в бешенство.</Tip>
<Tip>При необходимости можно зарезервировать очки действия, чтобы бойцы смогли использовать оружие при перемещении на доступное расстояние.</Tip>
<Tip>Необходимо увеличивать количество баз и расширять зону покрытия радаров/перехватчиков по всей планете. Одной базы будет недостаточно.</Tip>
<Tip>Ответный огонь рассчитывается из параметра РЕАКЦИЯ и процента оставшихся очков действия. Во время передвижения солдаты с большим количеством оставшихся очков действия, реже становятся мишенью для ответного огня.</Tip>
<Tip>Оценка изменения финансирования выделенного региона отображается в правом верхнем углу карты мира.</Tip>
<Tip>Игра содержит коллекцию модов, созданных сообществом, которые можно выбрать в меню загрузки игры в разделе "Modding Tools".</Tip>
<Tip>Первая версия локализации игры была представлена группой любителей перевода «2bl». Исправление ошибок и доработка: Foxylittlething, aNNiPAk, kaBolt, Виктор Алёшин и другие.
Улучшенная версия перевода: yashcher(август 2024).</Tip>
<!-- <Tip>Игра содержит образец мода от разработчиков (Soviet Weapons Pack) и коллекцию модов, созданных сообществом, которые можно выбрать в меню загрузки игры в разделе "Modding Tools".</Tip> -->
</GCLoadingTips>