<?xml version="1.0"?>
<?mso-application progid="Excel.Sheet"?>
<Workbook xmlns="urn:schemas-microsoft-com:office:spreadsheet"
 xmlns:o="urn:schemas-microsoft-com:office:office"
 xmlns:x="urn:schemas-microsoft-com:office:excel"
 xmlns:ss="urn:schemas-microsoft-com:office:spreadsheet"
 xmlns:html="http://www.w3.org/TR/REC-html40">
 <DocumentProperties xmlns="urn:schemas-microsoft-com:office:office">
  <Author>Пользователь</Author>
  <LastAuthor>Владимир Щербаков</LastAuthor>
  <Created>2024-09-22T18:24:22Z</Created>
  <LastSaved>2024-09-22T22:40:47Z</LastSaved>
  <Version>16.00</Version>
 </DocumentProperties>
 <OfficeDocumentSettings xmlns="urn:schemas-microsoft-com:office:office">
  <AllowPNG/>
 </OfficeDocumentSettings>
 <ExcelWorkbook xmlns="urn:schemas-microsoft-com:office:excel">
  <WindowHeight>7848</WindowHeight>
  <WindowWidth>17256</WindowWidth>
  <WindowTopX>32767</WindowTopX>
  <WindowTopY>32767</WindowTopY>
  <TabRatio>214</TabRatio>
  <DisplayDrawingObjects>PlaceHolders</DisplayDrawingObjects>
  <RefModeR1C1/>
  <ProtectStructure>False</ProtectStructure>
  <ProtectWindows>False</ProtectWindows>
 </ExcelWorkbook>
 <Styles>
  <Style ss:ID="Default" ss:Name="Normal">
   <Alignment ss:Vertical="Bottom"/>
   <Borders/>
   <Interior/>
   <NumberFormat/>
   <Protection/>
  </Style>
 </Styles>
 <Worksheet ss:Name="strings">
  <Table ss:ExpandedColumnCount="2" ss:ExpandedRowCount="6" x:FullColumns="1"
   x:FullRows="1" ss:DefaultRowHeight="15">
   <Column ss:Width="152.4"/>
   <Column ss:AutoFitWidth="0" ss:Width="844.8"/>
   <Row ss:AutoFitHeight="0">
    <Cell><Data ss:Type="String">AlienBase.Small</Data></Cell>
    <Cell><Data ss:Type="String">Малая база пришельцев</Data></Cell>
   </Row>
   <Row ss:AutoFitHeight="0">
    <Cell><Data ss:Type="String">AlienBase.Medium</Data></Cell>
    <Cell><Data ss:Type="String">Средняя база пришельцев</Data></Cell>
   </Row>
   <Row ss:AutoFitHeight="0">
    <Cell><Data ss:Type="String">AlienBase.Large</Data></Cell>
    <Cell><Data ss:Type="String">Большая база пришельцев</Data></Cell>
   </Row>
   <Row ss:AutoFitHeight="0">
    <Cell><Data ss:Type="String">weapon.grenade.incendiary</Data></Cell>
    <Cell><Data ss:Type="String">Зажигательная граната</Data></Cell>
   </Row>
   <Row ss:AutoFitHeight="0">
    <Cell><Data ss:Type="String">weapon.grenade.incendiary.desc</Data></Cell>
    <Cell><Data ss:Type="String">&lt;font face=&quot;fonts/arial.mvec&quot;\&gt;&lt;b&gt;ЗАЖИГАТЕЛЬНАЯ ГРАНАТА:&lt;/b&gt;

ЗАЖИГАТЕЛЬНЫЕ ГРАНАТЫ НАНОСЯТ ЛИШЬ НЕЗНАЧИТЕЛЬНЫЙ УРОН, НО ПОДЖИГАЮТ МЕСТНОСТЬ В РАДИУСЕ ВЗРЫВА.

ГРАНАТЫ МОЖНО БРОСАТЬ, ЕСЛИ ОНИ НАХОДЯТСЯ В РУКАХ СОЛДАТА, ИЛИ ИЗВЛЕКАТЬ ИХ ИЗ РЮКЗАКА ЧЕРЕЗ ЯЧЕЙКУ БЫСТРОГО ДОСТУПА В ИНТЕРФЕЙСЕ ЭКИПИРОВКИ. ОДНАКО ЭТОТ СПОСОБ ТРЕБУЕТ БОЛЬШЕ ОД, ЧЕМ ЕСЛИ БЫ ГРАНАТА УЖЕ НАХОДИЛАСЬ В РУКЕ СОЛДАТА, И ЕЩЁ БОЛЬШЕ, ЕСЛИ ОБЕ РУКИ ЗАНЯТЫ.

РАДИУС ВЗРЫВА: [4 КЛЕТКИ]</Data></Cell>
   </Row>
   <Row ss:AutoFitHeight="0">
    <Cell><Data ss:Type="String">weapon.rocket.incendiary.desc</Data></Cell>
    <Cell><Data ss:Type="String">&lt;font face=&quot;fonts/arial.mvec&quot;\&gt;&lt;b&gt;ЗАЖИГАТЕЛЬНАЯ РАКЕТА:&lt;/b&gt;

ЗАЖИГАТЕЛЬНЫЕ РАКЕТЫ ВЫЗЫВАЮТ ВОЗГОРАНИЕ В ОБШИРНОЙ ЗОНЕ ВОКРУГ МЕСТА ВЗРЫВА. ЭТОТ ВЗРЫВ ОБЛАДАЕТ НИЗКОЙ БРОНЕПРОБИВАЕМОСТЬЮ, ОДНАКО СПОСОБЕН ПОВРЕДИТЬ ИЛИ ДАЖЕ УНИЧТОЖИТЬ НЕСКОЛЬКИХ ПРОТИВНИКОВ, ЕСЛИ ОНИ РАСПОЛОЖЕНЫ СЛИШКОМ БЛИЗКО ДРУГ К ДРУГУ.

УРОН: [30 ЗАЖИГАТЕЛЬНЫЙ (4× УРОН ОБЪЕКТАМ)]
ПОДАВЛЕНИЕ: [60]
ПРОНИКАЮЩАЯ СПОСОБНОСТЬ: [0]
РАДИУС ВЗРЫВА: [4 КЛЕТКИ]</Data></Cell>
   </Row>
  </Table>
  <WorksheetOptions xmlns="urn:schemas-microsoft-com:office:excel">
   <Unsynced/>
   <Print>
    <ValidPrinterInfo/>
    <HorizontalResolution>300</HorizontalResolution>
    <VerticalResolution>300</VerticalResolution>
   </Print>
   <Selected/>
   <Panes>
    <Pane>
     <Number>3</Number>
     <ActiveCol>1</ActiveCol>
    </Pane>
   </Panes>
   <ProtectObjects>False</ProtectObjects>
   <ProtectScenarios>False</ProtectScenarios>
  </WorksheetOptions>
 </Worksheet>
</Workbook>
