﻿<?xml version="1.0"?>
<GCLoadingTips>
<Tip showOnFirstGroundCombat="true">Нажатием ПКМ по цели, можно повысить точность выстрела, потратив большее количество ОД (очки действия). Некоторые виды оружия имеют несколько режимов стрельбы.</Tip>
<Tip>Можно изменить папку для сохранений в загрузчике игры.</Tip>
<Tip>К игре бесплатно прилагается рассказ о событиях «Исландского инцидента» 1958 года и зарождении организации «Ксенонавтов».

С ним можно познакомиться на вкладке «Extras» в загрузчике игры.</Tip>
<Tip>Специализация солдата не оказывает влияния на игровой процесс, а служит для удобства сортировки рода войск и сохранения выкладки снаряжения.</Tip>
<Tip>Даже если системы защиты базы не смогут полностью уничтожить атакующий НЛО, количество оставшихся пришельцев в предстоящем бою будет снижено.</Tip>
<Tip>Аптечка поможет восстановить лишь половину полученного урона.</Tip>
<Tip>В каждом звене может находиться до трех перехватчиков, что поможет бороться с крупными НЛО.</Tip>
<Tip>Чтобы отправить солдата или воздушное судно в бой, их здоровье/прочность должно быть выше 50%.</Tip>
<Tip>Воздушный удар по месту крушения НЛО приносит столько же денег, что и наземная операция, но лишает возможности получать новые технологии и повышать опыт солдат.</Tip>
<Tip>После окончания боя павший от серьезного ранения ксенонавт имеет шанс выжить. Однако, чем ниже нуля опустился уровень ОЗ (очки здоровья), тем меньше вероятность на благоприятный исход.</Tip>
<Tip>Сбитые над водой НЛО не оставляют возможности зачистить место крушения, но это все же приносит пользу в отношениях со странами.</Tip>
<Tip>Разработка этой игры стала возможной благодаря финансовой поддержке людей, оформивших предзаказ до её официального выпуска.</Tip>
<Tip>Проекты для лабораторных исследований можно распределять между несколькими базами, а проекты для мастерских — нет.</Tip>
<Tip>Если перехватчик был сбит, он будет автоматически возвращен на базу и отремонтирован.

Однако этот процесс займет намного больше времени, чем обычный ремонт. Старайтесь не попадать в такие ситуации.</Tip>
<Tip>Используйте режим свободного прицеливания для ведения огня по различным объектам. Он активируется нажатием клавиши «Ctrl» или щелчком значка оружия в интерфейсе.</Tip>
<Tip>Вместо того, чтобы сразу пройти через находящиеся рядом двери, можно сперва открыть их, нажав ПКМ, при этом боец останется на прежнем месте.</Tip>
<Tip>Перевод игры выполнен командой любителей перевода "2bl – to better localization".

Над переводом работали: Foxylittlething, aNNiPAk, kaBolt, а также Виктор Алешин (редакция — май 2022).

Улучшенная версия перевода: yashcher(июль 2024).</Tip>
<Tip>Подавленный противник не может вести ответный огонь и на следующем ходу количество его ОД (очки действия) будет уменьшено.</Tip>
<Tip>Выстрелы очередью не точны, однако эффективны на близкой дистанции и для подавления противника.</Tip>
<Tip>Расстояние до цели в пределах 5 клеток дает бонус +15% к меткости за каждую клетку, но не более 60% в общем.</Tip>
<Tip>Присевший боец имеет дополнительный бонус к точности выстрела и попасть в него становится на 20% сложнее.</Tip>
<Tip>Можно выстрелить через укрытия или присевших ксенонавтов, не опасаясь нанести им урон.</Tip>
<Tip>Броня как у людей, так и у пришельцев, при повреждениях теряет прочность и становится менее эффективной до завершения миссии.</Tip>
<Tip>Повреждения имеют большой элемент случайности – выстрел может нанести от 50% до 150% от основного урона.</Tip>
<Tip>Меткость и урон существенно снижаются, если цель находится за пределами эффективной дальности оружия.</Tip>
<Tip>Получение медали приносит бойцам +1 единицу отваги.</Tip>
<Tip>Характеристики бойцов вашего первоначального отряда значительно лучше, чем у новобранцев, поэтому постарайтесь сохранить его как можно дольше.</Tip>
<Tip>Гибель бойцов, названных в честь ваших друзей или членов семьи, приобретает более трагический/забавный оттенок.</Tip>
<Tip>Строительство дополнительных радаров на базе расширяет радиус их действия (максимум в три раза).</Tip>
<Tip>Помимо стандартного способа изменения количества с помощью кнопок, можно изменить число на 10 единиц, нажимая ПКМ, или установить максимальное значение нажатием «Ctrl»+ЛКМ.</Tip>
<Tip>Дымовые гранаты могут помочь спасти жизни ваших бойцов.</Tip>
<Tip>Щиты всегда обеспечивают защиту от атак спереди, но теряют эффективность при атаках с фланга.</Tip>
<Tip>Можно установить траекторию полета перехватчика, удерживая «Shift» для создания последовательности точек движения.</Tip>
<Tip>Высокий боевой дух обеспечивает защиту от псионических атак пришельцев.</Tip>
<Tip>Ксенонавт с самым высоким званием на задании становится командиром отряда. И пока он жив, весь отряд получает бонус морали.</Tip>
<Tip>Ранение может привести к потере крови, что приводит к уменьшению ОЗ (очки здоровья) каждый ход, пока не будет использована аптечка для лечения.</Tip>
<Tip>Если солдат перегружен, то количество его ОД (очки действия) уменьшится.</Tip>
<Tip>Стрельба из тяжелого оружия проходит с наименьшим значением силы и меткости.</Tip>
<Tip>Солдат с низким моральным духом в начале каждого хода может запаниковать, оставить позицию или прийти в бешенство.</Tip>
<Tip>При необходимости можно зарезервировать ОД (очки действия) бойцов для того, чтобы при перемещении на максимально возможное расстояние у них сохранялась возможность использовать оружие.</Tip>
<Tip>Необходимо увеличивать количество баз и расширять зону покрытия радаров/перехватчиков по всей планете. Одной базы будет недостаточно.</Tip>
<Tip>Ответный огонь рассчитывается из параметра РЕАКЦИЯ и процента оставшихся ОД (очки действия).

Во время движения бойцы, у которых еще много ОД (очки действия), с меньшей вероятностью попадают под ответный огонь.</Tip>
<Tip>Оценка изменения финансирования выделенного региона отображается в правом верхнем углу карты мира.</Tip>
<!-- <Tip>Игра содержит образец мода от разработчиков (Soviet Weapons Pack) и коллекцию модов, созданных сообществом, которые можно выбрать в меню загрузки игры в разделе "Modding Tools".</Tip> -->
</GCLoadingTips>