<?xml version="1.0"?>
<?mso-application progid="Excel.Sheet"?>
<Workbook xmlns="urn:schemas-microsoft-com:office:spreadsheet"
 xmlns:o="urn:schemas-microsoft-com:office:office"
 xmlns:x="urn:schemas-microsoft-com:office:excel"
 xmlns:ss="urn:schemas-microsoft-com:office:spreadsheet"
 xmlns:html="http://www.w3.org/TR/REC-html40">
 <DocumentProperties xmlns="urn:schemas-microsoft-com:office:office">
  <Author>Пользователь</Author>
  <LastAuthor>Владимир Щербаков</LastAuthor>
  <Created>2024-09-23T18:15:22Z</Created>
  <LastSaved>2024-09-23T18:34:20Z</LastSaved>
  <Version>16.00</Version>
 </DocumentProperties>
 <OfficeDocumentSettings xmlns="urn:schemas-microsoft-com:office:office">
  <AllowPNG/>
 </OfficeDocumentSettings>
 <ExcelWorkbook xmlns="urn:schemas-microsoft-com:office:excel">
  <WindowHeight>9036</WindowHeight>
  <WindowWidth>23040</WindowWidth>
  <WindowTopX>32767</WindowTopX>
  <WindowTopY>32767</WindowTopY>
  <TabRatio>214</TabRatio>
  <DisplayDrawingObjects>PlaceHolders</DisplayDrawingObjects>
  <RefModeR1C1/>
  <ProtectStructure>False</ProtectStructure>
  <ProtectWindows>False</ProtectWindows>
 </ExcelWorkbook>
 <Styles>
  <Style ss:ID="Default" ss:Name="Normal">
   <Alignment ss:Vertical="Bottom"/>
   <Borders/>
   <Interior/>
   <NumberFormat/>
   <Protection/>
  </Style>
  <Style ss:ID="s62">
   <Alignment ss:Vertical="Top"/>
   <Font ss:FontName="Calibri" x:CharSet="204" x:Family="Swiss" ss:Size="12"
    ss:Color="#000000"/>
  </Style>
 </Styles>
 <Worksheet ss:Name="strings">
  <Table ss:ExpandedColumnCount="2" ss:ExpandedRowCount="27" x:FullColumns="1"
   x:FullRows="1" ss:StyleID="s62" ss:DefaultRowHeight="15">
   <Column ss:StyleID="s62" ss:Width="182.39999999999998"/>
   <Column ss:StyleID="s62" ss:AutoFitWidth="0" ss:Width="279"/>
   <Row ss:AutoFitHeight="0">
    <Cell><Data ss:Type="String">Researches.AndronClass1</Data></Cell>
    <Cell><Data ss:Type="String">АНДРОНЫ</Data></Cell>
   </Row>
   <Row ss:AutoFitHeight="0">
    <Cell><Data ss:Type="String">Researches.AndronClass2</Data></Cell>
    <Cell><Data ss:Type="String">УЛУЧШЕННЫЕ МОДИФИКАЦИИ АНДРОНОВ</Data></Cell>
   </Row>
   <Row ss:AutoFitHeight="0">
    <Cell><Data ss:Type="String">Researches.AndronVivisection</Data></Cell>
    <Cell><Data ss:Type="String">ИССЛЕДОВАНИЕ АНДРОНА</Data></Cell>
   </Row>
   <Row ss:AutoFitHeight="0">
    <Cell><Data ss:Type="String">Researches.AndronVivisectionDesc</Data></Cell>
    <Cell><Data ss:Type="String">АНДРОН С НЕПОВРЕЖДЁННЫМ КОРПУСОМ. ДАННОЕ ИССЛЕДОВАНИЕ ПОЗВОЛИТ ВСЕСТОРОННЕ ПРОАНАЛИЗИРОВАТЬ ЕГО КОНСТРУКЦИЮ С ЦЕЛЬЮ НАЙТИ УЯЗВИМЫЕ МЕСТА. ПОСЛЕ ЗАВЕРШЕНИЯ, НАШИ БОЙЦЫ СМОГУТ НАНОСИТЬ БОЛЬШЕ УРОНА ДАННОМУ ВИДУ ПРИШЕЛЬЦЕВ.</Data></Cell>
   </Row>
   <Row ss:AutoFitHeight="0">
    <Cell><Data ss:Type="String">Researches.BaseAttackMission</Data></Cell>
    <Cell><Data ss:Type="String">МИССИЯ: АТАКА БАЗЫ КСЕНОНАВТОВ</Data></Cell>
   </Row>
   <Row ss:AutoFitHeight="0">
    <Cell><Data ss:Type="String">Researches.BaseBuildMission</Data></Cell>
    <Cell><Data ss:Type="String">МИССИЯ: СТРОИТЕЛЬСТВО БАЗЫ</Data></Cell>
   </Row>
   <Row ss:AutoFitHeight="0">
    <Cell><Data ss:Type="String">Researches.BombingRunMission</Data></Cell>
    <Cell><Data ss:Type="String">МИССИЯ: БОМБАРДИРОВКА ЦЕЛЕЙ</Data></Cell>
   </Row>
   <Row ss:AutoFitHeight="0">
    <Cell><Data ss:Type="String">Researches.CaesanClass1</Data></Cell>
    <Cell><Data ss:Type="String">ЦЕЗАНЦЫ-НЕКОМБАТАНТЫ</Data></Cell>
   </Row>
   <Row ss:AutoFitHeight="0">
    <Cell><Data ss:Type="String">Researches.CaesanClass2</Data></Cell>
    <Cell><Data ss:Type="String">ЦЕЗАНЦЫ</Data></Cell>
   </Row>
   <Row ss:AutoFitHeight="0">
    <Cell><Data ss:Type="String">Researches.CaesanClass3</Data></Cell>
    <Cell><Data ss:Type="String">ЦЕЗАНЦЫ-ПСИОНЫ</Data></Cell>
   </Row>
   <Row ss:AutoFitHeight="0">
    <Cell><Data ss:Type="String">Researches.CaesanClass4</Data></Cell>
    <Cell><Data ss:Type="String">ЭЛИТНЫЕ ВОЙСКА ЦЕЗАНЦЕВ</Data></Cell>
   </Row>
   <Row ss:AutoFitHeight="0">
    <Cell><Data ss:Type="String">Researches.Espionage1</Data></Cell>
    <Cell><Data ss:Type="String">ПРОПАЛИ?</Data></Cell>
   </Row>
   <Row ss:AutoFitHeight="0">
    <Cell><Data ss:Type="String">Researches.Espionage2</Data></Cell>
    <Cell><Data ss:Type="String">ШПИОН!</Data></Cell>
   </Row>
   <Row ss:AutoFitHeight="0">
    <Cell><Data ss:Type="String">Researches.Espionage3</Data></Cell>
    <Cell><Data ss:Type="String">МАССОВОЕ ПРОИЗВОДСТВО ЛАЗЕРОВ</Data></Cell>
   </Row>
   <Row ss:AutoFitHeight="0">
    <Cell><Data ss:Type="String">Researches.GroundAttackMission</Data></Cell>
    <Cell><Data ss:Type="String">МИССИЯ: НАЗЕМНАЯ АТАКА</Data></Cell>
   </Row>
   <Row ss:AutoFitHeight="0">
    <Cell><Data ss:Type="String">Researches.HarridanClass</Data></Cell>
    <Cell><Data ss:Type="String">ГОБЛИНЫ</Data></Cell>
   </Row>
   <Row ss:AutoFitHeight="0">
    <Cell><Data ss:Type="String">Researches.ImpossibleResearch</Data></Cell>
    <Cell><Data ss:Type="String">НЕВОЗМОЖНЫЕ ИССЛЕДОВАНИЯ</Data></Cell>
   </Row>
   <Row ss:AutoFitHeight="0">
    <Cell><Data ss:Type="String">Researches.InterceptionMission</Data></Cell>
    <Cell><Data ss:Type="String">МИССИЯ: ВОЗДУШНЫЙ ПЕРЕХВАТ</Data></Cell>
   </Row>
   <Row ss:AutoFitHeight="0">
    <Cell><Data ss:Type="String">Researches.ReaperClass</Data></Cell>
    <Cell><Data ss:Type="String">ПОТРОШИТЕЛИ</Data></Cell>
   </Row>
   <Row ss:AutoFitHeight="0">
    <Cell><Data ss:Type="String">Researches.RecursiveResearch</Data></Cell>
    <Cell><Data ss:Type="String">РЕКУРСИВНЫЕ ИССЛЕДОВАНИЯ</Data></Cell>
   </Row>
   <Row ss:AutoFitHeight="0">
    <Cell><Data ss:Type="String">Researches.ResearchMission</Data></Cell>
    <Cell><Data ss:Type="String">МИССИЯ: ПРОВЕДЕНИЕ ИССЛЕДОВАНИЙ</Data></Cell>
   </Row>
   <Row ss:AutoFitHeight="0">
    <Cell><Data ss:Type="String">Researches.ScoutingMission</Data></Cell>
    <Cell><Data ss:Type="String">МИССИЯ: РАЗВЕДКА МЕСТНОСТИ</Data></Cell>
   </Row>
   <Row ss:AutoFitHeight="0">
    <Cell><Data ss:Type="String">Researches.SebillianClass1</Data></Cell>
    <Cell><Data ss:Type="String">СЕБИЛИАНЕ-НЕКОМБАТАНТЫ</Data></Cell>
   </Row>
   <Row ss:AutoFitHeight="0">
    <Cell><Data ss:Type="String">Researches.SebillianClass2</Data></Cell>
    <Cell><Data ss:Type="String">СЕБИЛИАНЕ</Data></Cell>
   </Row>
   <Row ss:AutoFitHeight="0">
    <Cell><Data ss:Type="String">Researches.SebillianClass3</Data></Cell>
    <Cell><Data ss:Type="String">ЭЛИТНЫЕ ВОЙСКА СЕБИЛИАН</Data></Cell>
   </Row>
   <Row ss:AutoFitHeight="0">
    <Cell><Data ss:Type="String">Researches.TerrorMission</Data></Cell>
    <Cell><Data ss:Type="String">МИССИЯ: ТЕРРОР НАСЕЛЕНИЯ</Data></Cell>
   </Row>
   <Row ss:AutoFitHeight="0">
    <Cell><Data ss:Type="String">Researches.WraithClass</Data></Cell>
    <Cell><Data ss:Type="String">ПРИЗРАКИ</Data></Cell>
   </Row>
  </Table>
  <WorksheetOptions xmlns="urn:schemas-microsoft-com:office:excel">
   <Unsynced/>
   <Print>
    <ValidPrinterInfo/>
    <HorizontalResolution>300</HorizontalResolution>
    <VerticalResolution>300</VerticalResolution>
   </Print>
   <Selected/>
   <TopRowVisible>3</TopRowVisible>
   <Panes>
    <Pane>
     <Number>3</Number>
     <ActiveRow>11</ActiveRow>
     <ActiveCol>4</ActiveCol>
    </Pane>
   </Panes>
   <ProtectObjects>False</ProtectObjects>
   <ProtectScenarios>False</ProtectScenarios>
  </WorksheetOptions>
 </Worksheet>
</Workbook>
