<?xml version="1.0"?>
<?mso-application progid="Excel.Sheet"?>
<Workbook xmlns="urn:schemas-microsoft-com:office:spreadsheet"
 xmlns:o="urn:schemas-microsoft-com:office:office"
 xmlns:x="urn:schemas-microsoft-com:office:excel"
 xmlns:ss="urn:schemas-microsoft-com:office:spreadsheet"
 xmlns:html="http://www.w3.org/TR/REC-html40">
 <DocumentProperties xmlns="urn:schemas-microsoft-com:office:office">
  <Author>Пользователь</Author>
  <LastAuthor>Владимир Щербаков</LastAuthor>
  <Created>2024-09-24T17:13:54Z</Created>
  <LastSaved>2024-09-26T18:01:33Z</LastSaved>
  <Version>16.00</Version>
 </DocumentProperties>
 <OfficeDocumentSettings xmlns="urn:schemas-microsoft-com:office:office">
  <AllowPNG/>
 </OfficeDocumentSettings>
 <ExcelWorkbook xmlns="urn:schemas-microsoft-com:office:excel">
  <WindowHeight>9036</WindowHeight>
  <WindowWidth>23040</WindowWidth>
  <WindowTopX>32767</WindowTopX>
  <WindowTopY>32767</WindowTopY>
  <TabRatio>221</TabRatio>
  <RefModeR1C1/>
  <ProtectStructure>False</ProtectStructure>
  <ProtectWindows>False</ProtectWindows>
 </ExcelWorkbook>
 <Styles>
  <Style ss:ID="Default" ss:Name="Normal">
   <Alignment ss:Vertical="Bottom"/>
   <Borders/>
   <Font ss:FontName="Arial" x:CharSet="238"/>
   <Interior/>
   <NumberFormat/>
   <Protection/>
  </Style>
 </Styles>
 <Names>
  <NamedRange ss:Name="Categories" ss:RefersTo="=Sheet1!#REF!"/>
 </Names>
 <Worksheet ss:Name="Sheet1">
  <Table ss:ExpandedColumnCount="6" ss:ExpandedRowCount="25" x:FullColumns="1"
   x:FullRows="1" ss:DefaultRowHeight="13.2">
   <Column ss:Width="155.39999999999998"/>
   <Column ss:Width="220.2"/>
   <Column ss:Width="162"/>
   <Column ss:Width="135.6"/>
   <Column ss:Width="44.400000000000006"/>
   <Column ss:AutoFitWidth="0" ss:Width="1067.3999999999999"/>
   <Row>
    <Cell><Data ss:Type="String">Name</Data></Cell>
    <Cell><Data ss:Type="String">DisplayName</Data></Cell>
    <Cell><Data ss:Type="String">Image</Data></Cell>
    <Cell><Data ss:Type="String">Category</Data></Cell>
    <Cell><Data ss:Type="String">Interface</Data></Cell>
    <Cell><Data ss:Type="String">Description</Data></Cell>
   </Row>
   <Row>
    <Cell><Data ss:Type="String">Researches.Espionage1</Data></Cell>
    <Cell><Data ss:Type="String">ПРОПАЛИ?</Data></Cell>
    <Cell><Data ss:Type="String">xenopediaimages/missing</Data></Cell>
    <Cell><Data ss:Type="String">Информация о пришельцах</Data></Cell>
    <Cell><Data ss:Type="String">NULL</Data></Cell>
    <Cell><Data ss:Type="String">КОМАНДИР, ВЫ СЛУЧАЙНО НЕ ВИДЕЛИ ГДЕ-НИБУДЬ МОИ ВЫКЛАДКИ О РАДИОЛОГИЧЕСКИХ ИССЛЕДОВАНИЯХ ЭЛЕНИЯ? НЕТ? НУ КОНЕЧНО! Я ПОТРАТИЛ СТОЛЬКО ВРЕМЕНИ, ПРИДУМЫВАЯ БЕЗУПРЕЧНУЮ КАРТОТЕЧНУЮ СИСТЕМУ, А МОИ ПОДЧИНЁННЫЕ ПО-ПРЕЖНЕМУ НЕ МОГУТ ИЗБАВИТЬСЯ ОТ ПРИВЫЧКИ УНОСИТЬ БУМАГИ С СОБОЙ! И ЭТО УЖЕ НЕ В ПЕРВЫЙ РАЗ.&#10;&#10;У НАС ПРОПАЛИ МАТЕРИАЛЫ НЕСКОЛЬКИХ ИССЛЕДОВАТЕЛЬСКИХ РАБОТ. ЭТО ЗАДЕРЖИТ РАБОТЫ ПО НАШЕЙ ПРОГРАММЕ УСОВЕРШЕНСТВОВАНИЯ ВООРУЖЕНИЯ, — НЕ БОЛЕЕ ЧЕМ НА ДЕНЬ, — ОДНАКО В НЫНЕШНЕЕ ВРЕМЯ МЫ НЕ МОЖЕМ ПОЗВОЛИТЬ СЕБЕ ДАЖЕ ТАКУЮ ЗАДЕРЖКУ. У МЕНЯ УЖЕ БЫЛ РАЗГОВОР С НАЧАЛЬНИКОМ ОТДЕЛА БЕЗОПАСНОСТИ, ВО ВРЕМЯ КОТОРОГО Я НАПОМНИЛ ЕМУ, ЧТО ЕСЛИ ОН СОБИРАЕТСЯ ПОСТАВИТЬ СВОИХ ГОЛОВОРЕЗОВ У ДВЕРЕЙ МОИХ ЛАБОРАТОРИЙ, ТО ПУСТЬ ОНИ СЕРЬЁЗНЕЕ ОТНЕСУТСЯ К СВОИМ ОБЯЗАННОСТЯМ. НАДЕЮСЬ, ЭТОГО БУДЕТ ДОСТАТОЧНО.</Data></Cell>
   </Row>
   <Row>
    <Cell><Data ss:Type="String">Researches.Espionage2</Data></Cell>
    <Cell><Data ss:Type="String">ШПИОН!</Data></Cell>
    <Cell><Data ss:Type="String">xenopediaimages/busted</Data></Cell>
    <Cell><Data ss:Type="String">Информация о пришельцах</Data></Cell>
    <Cell><Data ss:Type="String">NULL</Data></Cell>
    <Cell><Data ss:Type="String">ШПИОН.&#10;&#10;В МОЕЙ ЛАБОРАТОРИИ!&#10;&#10;НЕТ... НЕТ.... НАМНОГО ХУЖЕ. ПО КРАЙНЕЙ МЕРЕ, ШПИОН ПО-НАСТОЯЩЕМУ ДВУЛИЧЕН. ЭТИМ СЛОВОМ НИКАК НЕЛЬЗЯ НАЗВАТЬ ТОГО, КОГО Я ЛИЧНО ПРИГЛАСИЛ В СВОЮ КОМАНДУ С ЦЕЛЬЮ ПОМОЧЬ МНЕ ОСТАНОВИТЬ СОБЫТИЕ УРОВНЯ КОНЦА СВЕТА, А ВМЕСТО ЭТОГО ОН ПРОДАЁТ РЕЗУЛЬТАТЫ, ДОСТАВШИЕСЯ МНЕ ПОТОМ И КРОВЬЮ, ТЕМ, КТО ПРЕДЛОЖИТ ЗА НИХ БОЛЬШЕ ВСЕХ.&#10;&#10;МОЙ. ЛИЧНЫЙ. АССИСТЕНТ! МОИ РАБОТЫ, КОТОРЫЕ Я ОТПРАВИЛ В НАУЧНЫЙ ЖУРНАЛ &quot;NATURE&quot;, БЫЛИ ОТКЛОНЕНЫ! ТАК ВОТ, ОТКУДА ЭТИ КОСЫЕ ВЗГЛЯДЫ... ЭТОТ ДУРАК СЛИВАЛ ВСЁ, ЧТО ПРОХОДИЛО ЧЕРЕЗ ЕГО ГРЯЗНЫЕ ВОРОВАТЫЕ РУКИ, СРАЗУ ЖЕ ПОСЛЕ ТОГО, КАК Я И МОИ СОТРУДНИКИ СОВЕРШАЛИ ОТКРЫТИЯ. ТЕПЕРЬ УЧЁНЫЕ ВСЕХ СТРАН И КРУПНЕЙШИХ КОРПОРАЦИЙ ЛОМАЮТ СВОИ НЕАНДЕРТАЛЬСКИЕ ГОЛОВЫ НАД МОИМИ ТЕОРИЯМИ, И ПЫТАЮТСЯ НАЖИТЬСЯ ЗА НАШ СЧЁТ! ЧТО Ж, ПУСТЬ ПОПРОБУЮТ! МЫ ПОЙМАЛИ ЭТУ МЕЛКУЮ КРЫСУ, ПЫТАВШУЮСЯ УНЕСТИ ОДИН ИЗ НАШИХ ПРОТОТИПОВ — ВИДИМО, У НИХ ПРОБЛЕМЫ С ПОНИМАНИЕМ НЮАНСОВ ИНОПЛАНЕТНЫХ ТЕХНОЛОГИЙ ДАЖЕ С МОИМИ ЗАМЕТКАМИ. Я НЕ МОГУ СКАЗАТЬ ПОКА, КАКИЕ БУДУТ ДОЛГОСРОЧНЫЕ ПОСЛЕДСТВИЯ, НО В БЛИЖАЙШЕЙ ПЕРСПЕКТИВЕ(ИЛИ НЕТ?) ДАЖЕ НЕ НАДЕЙТЕСЬ ПРОДАТЬ ЧТО-ТО ПРОИЗВЕДЁННОЕ НА ОСНОВЕ ТЕХНОЛОГИЙ ПРИШЕЛЬЦЕВ С ПРИБЫЛЬЮ.</Data></Cell>
   </Row>
   <Row>
    <Cell><Data ss:Type="String">Researches.Espionage3</Data></Cell>
    <Cell><Data ss:Type="String">МАССОВОЕ ПРОИЗВОДСТВО ЛАЗЕРОВ</Data></Cell>
    <Cell><Data ss:Type="String">xenopediaimages/magazine</Data></Cell>
    <Cell><Data ss:Type="String">Информация о пришельцах</Data></Cell>
    <Cell><Data ss:Type="String">NULL</Data></Cell>
    <Cell><Data ss:Type="String">ВОЗМОЖНО, БЕССТЫДНАЯ КРАЖА МОИХ ИССЛЕДОВАНИЙ ПРИНЕСЛА СВОИ ПЛОДЫ, КОМАНДИР. Я СЛЕДИЛ ЗА РАЗВИТИЕМ УКРАДЕННЫХ У НАС ТЕХНОЛОГИЙ ПО НЕОФИЦИАЛЬНЫМ КАНАЛАМ, И ПОХОЖЕ, ЧТО ОБЪЕДИНЁННЫЕ УСИЛИЯ ЦЕЛОЙ ПЛАНЕТЫ НАКОНЕЦ СМОГЛИ СДЕЛАТЬ ПРОРЫВ В ТОЙ ЧАСТИ, НАД КОТОРОЙ ДОВЕЛОСЬ РАБОТАТЬ МОЕЙ КОМАНДЕ. ЛАЗЕРНОЕ ВООРУЖЕНИЕ ТЕПЕРЬ МАССОВО ПРОИЗВОДИТСЯ НА ГЛОБАЛЬНОМ УРОВНЕ, И СОБИРАЕТСЯ НА СКОРУЮ РУКУ С ПОМОЩЬЮ ВСЕХ ПРОИЗВОДСТВЕННЫХ МОЩНОСТЕЙ, ЧТО ТОЛЬКО ЕСТЬ, С ЦЕЛЬЮ ВООРУЖИТЬ КАК МОЖНО БОЛЬШЕЕ КОЛИЧЕСТВО СОЛДАТ. МОЖЕТЕ ОЖИДАТЬ, ЧТО ДРУЖЕСТВЕННЫЕ СИЛЫ БУДУТ ВООРУЖЕНЫ ЛУЧШЕ, ЧЕМ РАНЬШЕ — НАШИ ПРОГНОЗЫ ПОКАЗЫВАЮТ, ЧТО СТАТИСТИЧЕСКАЯ ВЕРОЯТНОСТЬ ТОГО, ЧТО ИХ СОЛДАТЫ ПОГИБНУТ ИЛИ ПОЛУЧАТ СЕРЬЁЗНЫЕ УВЕЧЬЯ В БОЮ, СНИЗИЛАСЬ С 95% ДО 90%.&#10;&#10;ВПРОЧЕМ, НЕ ВСЁ ТАК РАДУЖНО. ТЕПЕРЬ, КОГДА У КАЖДОЙ ИЗ СТРАН ЕСТЬ СОБСТВЕННАЯ ПРОГРАММА ВООРУЖЕНИЯ (УСПЕШНАЯ ИЛИ НЕ ОЧЕНЬ), ВСЕ ОНИ ПОЛНОСТЬЮ ЗАВИСЯТ ОТ РАЗБИВШИХСЯ НЛО С ЭЛЕНИЕМ И ИНОПЛАНЕТНЫМИ СПЛАВАМИ, ЧТО ДЕЛАЕТ НАШИХ СПОНСОРОВ НАШИМИ КРУПНЕЙШИМИ КОНКУРЕНТАМИ ЗА РЕСУРСЫ, НЕОБХОДИМЫЕ НАМ ДЛЯ ПОБЕДЫ В ЭТОЙ ВОЙНЕ. БОЛЕЕ ТОГО, ЛАБОРАТОРИЯ КСЕНОАСТРОНОМИИ СООБЩАЕТ О ТОМ, ЧТО СИЛЫ ПРИШЕЛЬЦЕВ ПОЧТИ ПОЛНОСТЬЮ ЗАКОНЧИЛИ ПЕРЕОСНАЩЕНИЕ ИХ САМОГО БОЛЬШОГО КОРАБЛЯ ВТОРЖЕНИЯ — ДЛЯ ЭТИХ ХРАБРЫХ ГЕРОЕВ ПОЕЗД УЖЕ УШЁЛ. ЕСЛИ ИМ НЕ УДАСТСЯ ПОДНЯТЬСЯ ДО НАШЕГО ТЕХНОЛОГИЧЕСКОГО УРОВНЯ, МЫ И ДАЛЬШЕ БУДЕМ ОСТАВАТЬСЯ ПОСЛЕДНЕЙ НАДЕЖДОЙ ЧЕЛОВЕЧЕСТВА.</Data></Cell>
   </Row>
   <Row>
    <Cell><Data ss:Type="String">Researches.ScoutingMission</Data></Cell>
    <Cell><Data ss:Type="String">РАЗВЕДКА МЕСТНОСТИ</Data></Cell>
    <Cell><Data ss:Type="String">xenopediaimages/scouting</Data></Cell>
    <Cell><Data ss:Type="String">Миссии НЛО</Data></Cell>
    <Cell><Data ss:Type="String">AC</Data></Cell>
    <Cell><Data ss:Type="String">ПРИВЕТСТВУЮ, КОМАНДИР. В СООТВЕТСТВИИ С ВАШИМ ЗАПРОСОМ, МЫ В ОТДЕЛЕ СТРАТЕГИЧЕСКОГО ПЛАНИРОВАНИЯ НАЧАЛИ АНАЛИЗИРОВАТЬ ДЕЯТЕЛЬНОСТЬ ИНОПЛАНЕТНЫХ НЛО И ОПРЕДЕЛЯТЬ ИХ ВОЕННЫЕ ЦЕЛИ. НЕ ХОЧУ ПОКАЗАТЬСЯ ИЗЛИШНЕ НЕУВАЖИТЕЛЬНЫМ ПО ОТНОШЕНИЮ К ИССЛЕДОВАТЕЛЬСКОМУ ОТДЕЛУ, ОДНАКО ИНТЕРПРЕТАЦИЯ ИНОПЛАНЕТНОЙ СТРАТЕГИИ — ЗАДАЧА ДЛЯ ПРОФЕССИОНАЛОВ. Я БУДУ ДЕРЖАТЬ ВАС В КУРСЕ ПО МЕРЕ ТОГО, КАК МЫ БУДЕМ РАСКРЫВАТЬ ОЧЕРЕДНЫЕ ЦЕЛИ ПРИШЕЛЬЦЕВ.&#10;&#10;ЧУТЬ РАНЕЕ СЕГОДНЯ БЫЛО ЗАФИКСИРОВАНО НАБЛЮДЕНИЕ НЛО КЛАССА &quot;МАЛЫЙ РАЗВЕДЧИК&quot;, НИЗКО КРУЖАЩЕГО НАД ЗАСЕКРЕЧЕННОЙ ИССЛЕДОВАТЕЛЬСКОЙ БАЗОЙ В АМЕРИКЕ. ОБЪЕКТ НЕ ПРОЯВЛЯЛ ВИДИМОЙ АКТИВНОСТИ, ОДНАКО МЕСТНЫЕ РАДИСТЫ ЗАСЕКЛИ НЕОБЫЧНЫЕ ВСПЛЕСКИ В ОВЧ-СПЕКТРЕ, А ОДНОВРЕМЕННО С ТЕМ ИССЛЕДОВАТЕЛИ ОБНАРУЖИЛИ ВЫБРОСЫ ЭНЕРГИИ В СВЧ-ДИАПАЗОНЕ. Я СВЯЗАЛ ЭТОТ СЛУЧАЙ С АНАЛОГИЧНЫМИ ОТЧЁТАМИ ИЗ ГЕРМАНИИ, АВСТРАЛИИ И ГОНКОНГА. УЧИТЫВАЯ СТРАТЕГИЧЕСКУЮ ВАЖНОСТЬ ВОВЛЕЧЁННЫХ ОБЪЕКТОВ И АНАЛИЗ КОРАБЛЕЙ КЛАССА &quot;ЛЁГКИЙ РАЗВЕДЧИК&quot; ИССЛЕДОВАТЕЛЬСКИМ ОТДЕЛОМ, Я УВЕРЕН, ЧТО ЭТИ КОРАБЛИ СОБИРАЛИ И ТРАНСЛИРОВАЛИ РАЗВЕДДАННЫЕ О БУДУЩИХ ПОТЕНЦИАЛЬНЫХ ЦЕЛЯХ.&#10;&#10;НЛО ВО ВРЕМЯ РАЗВЕДЫВАТЕЛЬНОЙ МИССИИ ОСТАЮТСЯ В ВОЗДУХЕ НА ДЛИТЕЛЬНЫЙ ПРОМЕЖУТОК ВРЕМЕНИ, СОБИРАЯ ИНФОРМАЦИЮ О ПОТЕНЦИАЛЬНЫХ ЦЕЛЯХ. ПОХОЖЕ, ЧТО НЕ СУЩЕСТВУЕТ ЧЁТКОГО ПЛАНА НА СЧЁТ ТОГО, ЧТО ОНИ СОБИРАЮТСЯ ОХВАТИТЬ ВО ВРЕМЯ МИССИИ, ПОЭТОМУ ПЕРЕХВАТ ЯВЛЯЕТСЯ НЕСЛОЖНОЙ ЗАДАЧЕЙ. ПОСКОЛЬКУ У ПРИШЕЛЬЦЕВ ЕСТЬ СПЕЦИАЛИЗИРОВАННЫЕ КОРАБЛИ ДЛЯ РАЗВЕДКИ, ВЫ МОЖЕТЕ ОЖИДАТЬ, ЧТО РАЗВЕДЫВАТЕЛЬНЫЕ МИССИИ БУДУТ ВЫПОЛНЯТЬСЯ КОРАБЛЯМИ С МАЛЫМИ СИГНАТУРАМИ. ЧЕМ БОЛЬШЕ ДАННЫХ РАЗВЕДЧИК СУМЕЕТ СОБРАТЬ, ТЕМ БОЛЕЕ СОКРУШИТЕЛЬНОЙ БУДЕТ ПОСЛЕДУЮЩАЯ АТАКА, ТАК ЧТО СТАРАЙТЕСЬ СБИВАТЬ ВСЕХ РАЗВЕДЧИКОВ, НАСКОЛЬКО ЭТО ВОЗМОЖНО. ДАЖЕ ЕСЛИ МЫ НЕ СМОЖЕМ ЗАЧИСТИТЬ ЗОНУ КРУШЕНИЯ, МЫ БУДЕМ УВЕРЕНЫ, ЧТО ВРАГ СРАЖАЕТСЯ ВСЛЕПУЮ.</Data></Cell>
   </Row>
   <Row>
    <Cell><Data ss:Type="String">Researches.ResearchMission</Data></Cell>
    <Cell><Data ss:Type="String">ПРОВЕДЕНИЕ ИССЛЕДОВАНИЙ</Data></Cell>
    <Cell><Data ss:Type="String">xenopediaimages/research</Data></Cell>
    <Cell><Data ss:Type="String">Миссии НЛО</Data></Cell>
    <Cell><Data ss:Type="String">AC</Data></Cell>
    <Cell><Data ss:Type="String">ПЕРЕД ТЕМ, КАК ПОКИНУТЬ ВОЕННО-ВОЗДУШНЫЕ СИЛЫ, МОИМ ПОСЛЕДНИМ ЗАДАНИЕМ БЫЛА РАБОТА С ФАЙЛАМИ, СОДЕРЖИМОЕ КОТОРЫХ БЫЛО ВЕСЬМА НЕОБЫЧНЫМ. НЕ ЗНАЙ Я, КАК ВСЁ ОБСТОИТ НА САМОМ ДЕЛЕ, Я БЫ РЕШИЛ, ЧТО КАКОЙ-ТО ШУТНИК ВЫНЕС ВСЁ ЭТО ИЗ ШТАБ-КВАРТИРЫ ЦРУ В ЛЭНГЛИ И ОСТАВИЛ НА МОЁМ СТОЛЕ. ЭТА СТОПКА ОТЧЁТОВ ПЕРЕД ВАМИ — ЗНАЧИТЕЛЬНЫЙ МАССИВ ДАННЫХ О ПОСЛЕДНИХ НАБЛЮДЕНИЙ НЛО. У ВАС МОЖЕТ СОЗДАСТЬСЯ ВПЕЧАТЛЕНИЕ, БУДТО ЭТО ФРАГМЕНТЫ ИЗ КОМИКСОВ — САМЫЕ ЯРКИЕ ОПИСАНИЯ НЕОБЫЧНЫХ, ПОЧТИ ПАРАНОРМАЛЬНЫХ ПРОИШЕСТВИЙ, ТАКИХ КАК РАЗРОЖДАЮЩИЕСЯ ИЗ НИОТКУДА БУРИ, ЖУТКИЕ СВЕТЯЩИЕСЯ ОГНИ И ПРИЗНАКИ НЕОБЪЯСНИМОГО УВЕЧЬЯ СКОТА. У МЕНЯ ДАЖЕ ЕСТЬ ОТЧЁТ ОТ ЧЕЛОВЕКА, КОТОРЫЙ УТВЕРЖДАЕТ, ЧТО БЫЛ ПОХИЩЕН ПРИШЕЛЬЦАМИ, А ПОЗДНЕЕ ОНИ ЕГО ОТПУСТИЛИ! ПРИШЕЛЬЦЫ, СУДЯ ПО ВСЕМУ, ПРОВОДЯТ КАКИЕ-ТО ИССЛЕДОВАНИЯ, НО ПОЧЕМУ И ПО КАКОЙ ПРИЧИНЕ МЫ НЕ ЗНАЕМ.&#10;&#10;ИССЛЕДОВАТЕЛЬСКИЕ МИССИИ, ПОХОЖЕ, ВЫПОЛНЯЮТСЯ РАЗВЕДЫВАТЕЛЬНЫМИ КОРАБЛЯМИ, КОТОРЫЕ КРУЖАТ НАД ЗАРАНЕЕ ОПРЕДЕЛЁННЫМИ ТЕРРИТОРИЯМИ В ПОИСКАХ ПОДХОДЯЩИХ ОБЪЕКТОВ И МЕСТ ДЛЯ ПРОВЕДЕНИЯ СВОИХ ЭКСПЕРИМЕНТОВ. РАЗВЕДЧИКИ НА ИССЛЕДОВАТЕЛЬСКОМ ЗАДАНИИ ТАКЖЕ ЧАСТО БУДУТ ПРЕДПРИНИМАТЬ ПОПЫТКИ ПРИЗЕМЛИТЬСЯ С ЦЕЛЬЮ ПОЛУЧЕНИЯ ОБРАЗЦОВ И ПРОВЕДЕНИЯ ПОЛЕВЫХ РАБОТ. ЖЕРТВЫ ВОЗМОЖНЫ, НО НЕ СЛЕДУЕТ ОЖИДАТЬ ЧЕГО-ТО МАСШТАБНОГО.&#10;&#10;ЧЕМ БЫ ОНИ ТАМ НИ ЗАНИМАЛИСЬ, Я ДУМАЮ, ЛУЧШЕ НАМ НЕ ДОЖИДАТЬСЯ ТОГО МОМЕНТА, КОГДА ЭТО ОБЕРНЁТСЯ ПРОТИВ НАС. А ВЫ КАК СЧИТАЕТЕ?</Data></Cell>
   </Row>
   <Row>
    <Cell><Data ss:Type="String">Researches.TerrorMission</Data></Cell>
    <Cell><Data ss:Type="String">ТЕРРОР НАСЕЛЕНИЯ</Data></Cell>
    <Cell><Data ss:Type="String">xenopediaimages/terrorsite</Data></Cell>
    <Cell><Data ss:Type="String">Миссии НЛО</Data></Cell>
    <Cell><Data ss:Type="String">AC</Data></Cell>
    <Cell><Data ss:Type="String">ПОСЛЕ РАЗГОВОРА С РУКОВОДИТЕЛЯМИ ОТДЕЛА КОММУНИКАЦИИ И ОБНАРУЖЕНИЯ О ПОСЛЕДНИХ ПЕРЕМЕЩЕНИЯХ НЛО, И — МЕЖДУ НАМИ — МЫ ОБНАРУЖИЛИ НОВУЮ И ОПАСНУЮ ТЕНДЕНЦИЮ, КОТОРОЙ СЛЕДУЮТ ПРИШЕЛЬЦЫ. НЕКОТОРОЕ ВРЕМЯ НАЗАД — МЫ ТОЧНО НЕ УВЕРЕНЫ, КОГДА — НЛО ПРОСКОЛЬЗНУЛ МИМО РАДАРОВ, И НАЦЕЛИЛСЯ, ПОДУМАЙТЕ ТОЛЬКО, НА МУЗЫКАЛЬНЫЙ ФЕСТИВАЛЬ! ОРГАНИЗАТОРЫ ПРОВОДИЛИ ЕГО НА ОТКРЫТОМ ВОЗДУХЕ, ОШИБОЧНО ПОЛАГАЯ, ЧТО НЛО АТАКУЮТ ТОЛЬКО БОЛЬШИЕ ГОРОДА. ЭТО БЫЛ НЕ АВИАУДАР — ПРИШЕЛЬЦЫ ИСПОЛЬЗОВАЛИ НАЗЕМНЫЕ СИЛЫ, ЧТОБЫ УСТРОИТЬ БОЙНЮ НА ФЕСТИВАЛЕ.&#10;&#10;У НАС ЕСТЬ НЕ ТАК МНОГО, НАД ЧЕМ МОЖНО РАБОТАТЬ — НАШИ СПОНСОРЫ ДОБРАЛИСЬ ДО НЕМНОГИХ ВЫЖИВШИХ ПЕРВЫМИ. НЕСМОТРЯ НА ТО, ЧТО У НАС ЕСТЬ СТЕНОГРАММЫ ДОПРОСОВ, В ИНФОРМАЦИИИ ОСТАЛИСЬ ПРЯМО-ТАКИ СВОДЯЩИЕ С УМА ПРОБЕЛЫ. ЧТО МЫ ТОЧНО МОЖЕМ СКАЗАТЬ, ТАК ЭТО ТО, ЧТО В АТАКУ БЫЛО ВОВЛЕЧЕНО ЗНАЧИТЕЛЬНОЕ КОЛИЧЕСТВО НАЗЕМНЫХ СИЛ ПРИШЕЛЬЦЕВ, И ЧТО ОНИ РАЗВЕРНУЛИ СВОЕГО РОДА ЧУДОВИЩЕ ФРАНКЕНШТЕЙНА РАЗМЕРОМ С ЧЕЛОВЕКА, КОТОРОЕ БЫЛО СОЖЖЕНО НЕЭКРАНИРОВАННЫМ СИЛОВЫМ КАБЕЛЕМ.&#10;&#10;МОЯ КОМАНДА СЧИТАЕТ, ЧТО ЭТО БЫЛА СВОЕГО РОДА &quot;ПРОБА ПЕРА&quot;, И ЧТО МЫ МОЖЕМ ОЖИДАТЬ ДАЛЬНЕЙШИХ АТАК СО СТОРОНЫ ДЕМОРАЛИЗУЮЩИХ ЧАСТЕЙ ПРОТИВНИКА, НАЦЕЛЕННЫХ НА ТЕРРОРИЗИРОВАНИЕ ФИНАНСИРУЮЩИХ СТРАН ПУТЁМ УБИЙСТВА МИРНОГО НАСЕЛЕНИЯ. ОДИН ИЗ МОИХ ПОДЧИНЁННЫХ, ЛЮБИТЕЛЬ ИСТОРИИ, ПРОВЁЛ ПАРАЛЛЕЛЬ МЕЖДУ ЭТИМ СОБЫТИЕМ И МЕТОДАМИ ЧИНГИСХАНА. ТОТ УНИЧТОЖИЛ БЫ ГОРОД В НАЗИДАНИЕ ДРУГИМ ГОРОДАМ, ЧТОБЫ ОНИ НЕ СОПРОТИВЛЯЛИСЬ ПОД УГРОЗОЙ ИСЧЕЗНОВЕНИЯ.&#10;&#10;УСПЕШНЫЕ ТЕРРОРИСТИЧЕСКИЕ АТАКИ ЯВЛЯЮТСЯ НАИБОЛЕЕ РАЗРУШИТЕЛЬНЫМИ ИЗ ЛЮБОЙ ИНОПЛАНЕТНОЙ МИССИИ ДЛЯ НАШЕЙ ОРГАНИЗАЦИИ. НАШИ СПОНСОРЫ ЯСНО НАМЕКНУЛИ, ЧТО ЯДЕРНЫЕ ПРОТОКОЛЫ БУДУТ РАЗВЁРНУТЫ ДЛЯ ПРЕДОТВРАЩЕНИЯ ТОГО, ЧТО ОНИ НАЗЫВАЮТ &quot;БИОЛОГИЧЕСКИМ ЗАГРЯЗНЕНИЕМ&quot;. ПОЛИТИКИ ПРЕЖДЕ ВСЕГО ОБВИНЯТ НАС В ТОМ, ЧТО НАМ НАПЛЕВАТЬ НА РЯДОВОГО ГРАЖДАНИНА — ДЛЯ НАШЕГО ФИНАНСИРОВАНИЯ ЭТО БУДЕТ УДАР, ОТ КОТОРОГО ТЯЖЕЛО ОПРАВИТЬСЯ. В ТО ЖЕ ВРЕМЯ, ЕСЛИ НАМ УДАСТСЯ СПАСТИ ГОРОД ОТ АТАКИ, ЭТО ДЕЙСТВИТЕЛЬНО ВОЗВЫСИТ НАС В ГЛАЗАХ НАШИХ СПОНСОРОВ, И МОЖНО ОЖИДАТЬ СУЩЕСТВЕННОГО УВЕЛИЧЕНИЯ ФИНАНСИРОВАНИЯ ПОСЛЕ КАЖДОГО ОТБИТОГО ТЕРРОРА. НЛО, ВЫПОЛНЯЮЩИЕ ТЕРРОРИСТИЧЕСКУЮ МИССИЮ, ОБЛАДАЮТ МИНМУМ СРЕДНЕЙ ПО РАЗМЕРУ СИГНАТУРОЙ, И ПОЧТИ ВСЕГДА ИМЕЮТ СОПРОВОЖДЕНИЕ. ОНИ БУДУТ ПЫТАТЬСЯ СБИТЬ НАС С ТОЛКУ, ТАК ЧТО СЛЕДИТЕ ВНИМАТЕЛЬНО ЗА МЕДЛЕННЫМИ СИГНАТУРАМИ, ДВИЖУЩИМИСЯ НА ПЕРВЫЙ ВЗГЛЯД СЛУЧАЙНО, ОДНАКО ОКРУЖАЮЩИМИ ОПРЕДЕЛЁННУЮ ГРУППУ ГОРОДОВ — ВПОЛНЕ ВЕРОЯТНО, ЧТО ЭТОТ КОРАБЛЬ СОБИРАЕТСЯ УСТРОИТЬ ТЕРРОРИСТИЧЕСКУЮ АТАКУ.</Data></Cell>
   </Row>
   <Row>
    <Cell><Data ss:Type="String">Researches.GroundAttackMission</Data></Cell>
    <Cell><Data ss:Type="String">НАЗЕМНАЯ АТАКА</Data></Cell>
    <Cell><Data ss:Type="String">xenopediaimages/groundattack</Data></Cell>
    <Cell><Data ss:Type="String">Миссии НЛО</Data></Cell>
    <Cell><Data ss:Type="String">AC</Data></Cell>
    <Cell><Data ss:Type="String">Я НАХОЖУСЬ В ДРУЖЕСКИХ ОТНОШЕНИЯХ С ОДНИМ ИЗ МЛАДШИХ ИССЛЕДОВАТЕЛЕЙ (У СТАРШИХ НА НАС-ВОРЧУНОВ ВЕЧНО НЕТ ВРЕМЕНИ), И ОНА РАССКАЗАЛА МНЕ, ЧТО ОНИ ОБНАРУЖИЛИ НА ОРБИТЕ ВОКРУГ НАШЕЙ ПЛАНЕТЫ БОЛЕЕ ТРЁХ С ПОЛОВИНОЙ ТЫСЯЧ ИНОПЛАНЕТНЫХ КОРАБЛЕЙ. ЕСЛИ БЫ ОНИ НАЧАЛИ ВЫСАДКУ ЗАВТРА, ДЛЯ НАС ВСЁ БЫЛО БЫ КОНЧЕНО. ТАКИМ ОБРАЗОМ, ИНОПЛАНЕТЯНЕ ВСЕГО-НАВСЕГО ПРИНЯЛИ УЧАСТИЕ В САМОЙ МАССОВОЙ ВОЗДУШНОЙ ВОЙНЕ СО ВРЕМЁН ПРИШЕСТВИЯ К ВЛАСТИ ГИТЛЕРА.&#10;&#10;АНАЛИЗ ПОСЛЕДОВАТЕЛЬНОСТЕЙ АВИАУДАРОВ ПРИШЕЛЬЦЕВ ПРЕДПОЛАГАЕТ, ЧТО В НАСТОЯЩЕЕ ВРЕМЯ ОНИ ФОКУСИРУЮТСЯ НА &quot;МЕЛКИХ&quot; ЦЕЛЯХ - ШОССЕ, НЕБОЛЬШИЕ ГОРОДА, ИНОГДА ДАЖЕ ОТДЕЛЬНЫЕ ВОЕННЫЕ КОРАБЛИ ВО ВРЕМЯ ПАТРУЛИРОВАНИЯ. СЛУЖБАМ ЭКСТРЕННОЙ ПОМОЩИ ОЧЕНЬ ТРУДНО РЕАГИРОВАТЬ НА СООБЩЕНИЯ ИЗ ЭТИХ МЕСТ, А ВОЗМОЖНОСТЬ НАНОСИТЬ УДАРЫ И ОТСТУПАТЬ В ЛЮБОМ МЕСТЕ В ЛЮБОЕ ВРЕМЯ ДЕЛАЕТ НЕВОЗМОЖНЫМ ОТВЕТ МЕСТНЫХ ВОЕННЫХ СИЛ, КОТОРЫЕ СОСРЕДОТОЧНЫ БЛИЖЕ К КРУПНЫМ НАСЕЛЁННЫМ ПУНКТАМ.&#10;&#10;НАЗЕМНЫЕ АТАКИ МОГУТ ИНИЦИИРОВАТЬСЯ КОРАБЛЯМИ С ЛЮБОЙ СИГНАТУРОЙ, ОТ САМОЙ МАЛОЙ ДО НАИБОЛЬШЕЙ. ВМЕСТО ТОГО, ЧТОБЫ АТАКОВАТЬ КОНКРЕТНУЮ ЦЕЛЬ, НЛО БУДУТ ПАТРУЛИРОВАТЬ УЧАСТОК ПЛАНЕТЫ В ПОИСКАХ ПОДХОДЯЩИХ ОБЪЕКТОВ ДЛЯ АТАКИ. НЛО, КОТОРЫМ ПОРУЧЕНА МИССИЯ ПО НАЗЕМНОЙ АТАКЕ, НАНЕСУТ НЕСКОЛЬКО УДАРОВ, ПРЕЖДЕ ЧЕМ ОТСТУПИТЬ ДЛЯ ПЕРЕВООРУЖЕНИЯ И ДОЗАПРАВКИ.&#10;&#10;ОНИ ЧЕРТОВСКИ УМНЫ, КОМАНДИР. ОНИ НАНОСЯТ УДАРЫ, КОТОРЫЕ НЕ ИМЕЮТ МГНОВЕННЫХ ЭКОНОМИЧЕСКИХ ИЛИ ПОЛИТИЧЕСКИХ ПОСЛЕДСТВИЙ, ОДНАКО ПОДТАЧИВАЮТ НАШУ УВЕРЕННОСТЬ В СЕБЕ И ОБРЕЗАЮТ ТОРГОВЫЕ И КОММУНИКАЦИОННЫЕ ПУТИ. ЕСЛИ МЫ БУДЕМ ИЗОЛИРОВАНЫ, ПЛАНЕТА ПАДЁТ ТАК ЖЕ БЫСТРО, КАК ЕСЛИ БЫ ОНИ ПРЕВРАТИЛИ СТОЛИЦЫ ВСЕХ СТРАН В РУИНЫ. НАШ ОПЫТ И ТЕХНОЛОГИИ ОБНАРУЖЕНИЯ ДАЮТ НАМ ШАНС БОРОТЬСЯ С ИНОПЛАНЕТНЫМИ УДАРАМИ, НО, НА САМОМ ДЕЛЕ, ИХ СЛИШКОМ МНОГО, А НАС СЛИШКОМ МАЛО, ЧТОБЫ МЫ МОГЛИ СПРАВИТЬСЯ С НИМИ ВСЕМИ. МОЙ ВАМ СОВЕТ — ПОСТРОЙТЕ КАК МОЖНО БОЛЬШЕ БАЗ. НЕ ОБРАЩАЙТЕ ВНИМАНИЕ НА НЫТЬЁ ИССЛЕДОВАТЕЛЬСКОГО ОТДЕЛА О НЕДОСТАТОЧНОМ ФИНАНСИРОВАНИИ. ЭТИ БОТАНИКИ ПОНЯТИЯ НЕ ИМЕЮТ О РЕАЛЬНОМ ПОЛОЖЕНИИ ВЕЩЕЙ, А НАМ НУЖНЫ КОНКРЕТНЫЕ ШАГИ, А НЕ ИХ ФАНТАЗИИ.</Data></Cell>
   </Row>
   <Row>
    <Cell><Data ss:Type="String">Researches.BombingRunMission</Data></Cell>
    <Cell><Data ss:Type="String">БОМБАРДИРОВКА ЦЕЛЕЙ</Data></Cell>
    <Cell><Data ss:Type="String">xenopediaimages/bombingrun</Data></Cell>
    <Cell><Data ss:Type="String">Миссии НЛО</Data></Cell>
    <Cell><Data ss:Type="String">AC</Data></Cell>
    <Cell><Data ss:Type="String">ИССЛЕДОВАТЕЛЬСКОМУ ОТДЕЛУ УДАЛОСЬ ИЗВЛЕЧЬ И РАСШИФРОВАТЬ ПОЛЁТНЫЙ ПЛАН СБИТОГО ИНОПЛАНЕТНОГО БОМБАРДИРОВЩИКА. МЫ НАНЕСЛИ МАРШРУТ НА КАРТУ И ОКАЗАЛОСЬ, ЧТО ОН ПРОХОДИЛ НАД ПРОМЗОНАМИ НЕСКОЛЬКИХ ГОРОДОВ, А ТАК ЖЕ НАД ЗАСЕКРЕЧЕННОЙ ВОЕННОЙ БАЗОЙ. ВРЕМЯ ОГРАНИЧЕННО, А РАЗМЕРЫ ТЕРРИТОРИЙ СЛИШКОМ ВЕЛИКИ ДЛЯ ПРОВЕДЕНИЯ НАЗЕМНЫХ ОПЕРАЦИЙ, ОДНАКО ЕГО ВПОЛНЕ ДОСТАТОЧНО ДЛЯ СОВЕРШЕНИЯ РЯДА БЫСТРЫХ АВИАУДАРОВ, КОТОРЫЕ МОЖНО ЗАВЕРШИТЬ МОЩНЫМ НАЛЁТОМ НА БАЗУ. ПОХОЖЕ, ПРИШЕЛЬЦЫ СОБИРАЮТСЯ ПЕРЕЙТИ К СЛЕДУЮЩЕМУ ШАГУ СВОЕЙ ВОЗДУШНОЙ КАМПАНИИ.&#10;&#10;ПРЕДПОЛАГАЕТСЯ, ЧТО ИНОПЛАНЕТНЫЕ БОМБАРДИРОВЩИКИ БУДУТ НАЦЕЛЕНЫ НА ВАЖНЫЕ СТРАТЕГИЧЕСКИЕ, ЭКОНОМИЧЕСКИЕ И ГРАЖДАНСКИЕ ЦЕЛИ. ТЕМ НЕ МЕНЕЕ, ИМЕЯ В РАСПОРЯЖЕНИИ ЦЕЛУЮ ПЛАНЕТУ ПОТЕНЦИАЛЬНЫХ ЦЕЛЕЙ, СЛОЖНО ПРЕДСКАЗАТЬ, КУДА БУДЕТ НАНЕСЁН СЛЕДУЮЩИЙ УДАР. ЕСЛИ ЭТОТ ПЛАН ПОЛЁТА ЯВЛЯЕТСЯ СКОЛЬ-ЛИБО ПОКАЗАТЕЛЬНЫМ, ПОХОЖЕ, ЧТО БОМБАРДИРОВЩИКАМ БУДЕТ ПОРУЧЕНО СНАЧАЛА ПОРАЗИТЬ НЕСКОЛЬКО ВТОРОСТЕПЕННЫХ ЦЕЛЕЙ, А ЗАТЕМ ПОДГОТОВИТЬСЯ К КРУПНОМУ РЕЙДУ, ВО ВРЕМЯ КОТОРОГО ОНИ СТАНУТ УЯЗВИМЫМИ ДЛЯ АТАК НАШИХ ПЕРЕХВАТЧИКОВ. БОМБАРДИРОВЩИКИ ОБЛАДАЮТ СРЕДНЕЙ ИЛИ БОЛЬШЕЙ СИГНАТУРОЙ И С ОЧЕНЬ ВЫСОКОЙ ВЕРОЯТНОСТЬЮ ИХ БУДЕТ СОПРОВОЖДАТЬ ЭСКОРТ ИЗ ДРУГИХ КОРАБЛЕЙ ПРОТИВНИКА. СЛЕДИТЕ ЗА СИГНАТУРАМИ СРЕДНЕГО РАЗМЕРА, СОСРЕДОТАЧИВАЮЩИМИСЯ НА КОНКРЕТНЫХ ЦЕЛЯХ, НО НЕ ПРЕДПРИНИМАЮЩИХ ПОПЫТОК ПРИЗЕМЛИТЬСЯ.&#10;&#10;ПРЕДПОЛАГАЕМОЕ КОЛИЧЕСТВО ЖЕРТВ ТАКИХ БОМБАРДИРОВОК ИСЧИСЛЯЕТСЯ СОТНЯМИ, ТАК ЧТО СТАРАЙТЕСЬ ПРИДАВАТЬ ИМ ВЫСОКИЙ ПРИОРИТЕТ. МЫ ВСЕГДА МОЖЕМ ОТПРАВИТЬ БОЙЦОВ, ЧТОБЫ РАЗОБРАТЬСЯ С НАЗЕМНЫМИ СИЛАМИ ПРИШЕЛЬЦЕВ НА МЕСТЕ, ОДНАКО БОМБАРДИРОВКИ МОЖНО ОСТАНОВИТЬ ЛИШЬ С ВОЗДУХА.</Data></Cell>
   </Row>
   <Row>
    <Cell><Data ss:Type="String">Researches.InterceptionMission</Data></Cell>
    <Cell><Data ss:Type="String">ВОЗДУШНЫЙ ПЕРЕХВАТ</Data></Cell>
    <Cell><Data ss:Type="String">xenopediaimages/interception</Data></Cell>
    <Cell><Data ss:Type="String">Миссии НЛО</Data></Cell>
    <Cell><Data ss:Type="String">AC</Data></Cell>
    <Cell><Data ss:Type="String">ИТАК, ЧТО СПЕРВА, ХОРОШАЯ ИЛИ ПЛОХАЯ НОВОСТЬ? ХОРОШАЯ СОСТОИТ В ТОМ, ЧТО МЫ ОКАЗЫВАЕМ ДЕЙСТВИТЕЛЬНО СЕРЬЁЗНОЕ ВЛИЯНИЕ НА ВОЗДУШНЫЕ ОПЕРАЦИИ ПРИШЕЛЬЦЕВ. ИНЦИДЕНТЫ ПРЕДОТВРАЩАЮТСЯ НАД ТЕРРИТОРИЯМИ СТРАН-СПОНСОРОВ, В ТО ВРЕМЯ КАК ИССЛЕДОВАТЕЛЬСКИЙ ОТДЕЛ ДОВОЛЕН ТЕХНОЛОГИЯМИ, КОТОРЫЕ ИМ УДАЛОСЬ ПОЛУЧИТЬ. ПЛОХАЯ НОВОСТЬ В ТОМ, ЧТО КОМАНДОВАНИЕ ИНОПЛАНЕТЯН УСИЛИЛО НАПОР, НАЧАВ ИСПОЛЬЗОВАТЬ СПЕЦИАЛИЗИРОВАННЫЕ ИСТРЕБИТЕЛИ.&#10;&#10;ПРИШЕЛЬЦЫ СОЗДАЛИ БОЕВЫЕ ВОЗДУШНЫЕ ПАТРУЛИ (БВП) ДЛЯ ПРЯМОГО ПРОТИВОДЕЙСТВИЯ КАК НАШИМ СОБСТВЕННЫМ ПЕРЕХВАТЧИКАМ, ТАК И НАЦИОНАЛЬНЫМ СИЛАМ. НЛО, КОТОРЫМ ПОРУЧЕНЫ МИССИИ ПО ПЕРЕХВАТУ, БУДУТ ПАТРУЛИРОВАТЬ ВОЗДУШНОЕ ПРОСТРАНСТВО, АТАКУЯ ГРАЖДАНСКИЕ И ВОЕННЫЕ ВОЗДУШНЫЕ СУДА. ДАННЫЕ, ПОЛУЧЕННЫЕ ВО ВРЕМЯ ПРОШЛЫХ ПЕРЕХВАТОВ, ПОЗВОЛЯЮТ ПРЕДПОЛОЖИТЬ, ЧТО ИСТРЕБИТЕЛИ ПРИШЕЛЬЦЕВ ПРИ ОБНАРУЖЕНИИ НАШЕГО ВОЗДУШНОГО СУДНА (СКОРЕЕ ВСЕГО, ИНОПЛАНЕТНЫМ СПУТНИКОМ) СДЕЛАЮТ ЕГО ПЕРВОСТЕПЕННОЙ ЦЕЛЬЮ И НАПРАВЯТСЯ ПРЯМО К НЕМУ, ЧТОБЫ ВСТУПИТЬ В БОЙ.&#10;&#10;ПЕРЕХВАТЧИКИ ЯВЛЯЮТСЯ НАИБОЛЕЕ ВЕРОЯТНЫМ ТИПОМ КОРАБЛЯ ВО ВРЕМЯ БВП, ТАК ЧТО ОБРАЩАЙТЕ ВНИМАНИЕ НА ОЧЕНЬ МАЛЫЕ СИГНАТУРЫ. НАШИ ДЕСАНТНЫЕ КОРАБЛИ ЯВЛЯЮТСЯ ОСОБЕННО УЯЗВИМЫМИ ЦЕЛЯМИ, ТАК ЧТО Я РЕКОМЕНДУЮ ОБЕСПЕЧИТЬ ПРЕВОСХОДСТВО В ВОЗДУХЕ ПРЕЖДЕ ЧЕМ ИХ ОТПРАВЛЯТЬ ВМЕСТЕ С КОМАНДОЙ КСЕНОНАВТОВ НА БОЕВЫЕ ОПЕРАЦИИ, ЧТОБЫ ИЗБЕЖАТЬ НЕСЧАСТНЫХ СЛУЧАЕВ.</Data></Cell>
   </Row>
   <Row>
    <Cell><Data ss:Type="String">Researches.BaseBuildMission</Data></Cell>
    <Cell><Data ss:Type="String">СТРОИТЕЛЬСТВО БАЗЫ</Data></Cell>
    <Cell><Data ss:Type="String">xenopediaimages/basebuild</Data></Cell>
    <Cell><Data ss:Type="String">Миссии НЛО</Data></Cell>
    <Cell><Data ss:Type="String">AC</Data></Cell>
    <Cell><Data ss:Type="String">У МЕНЯ ЕСТЬ ОТЧЁТ О СТОЛКНОВЕНИИ МЕЖДУ МЕСТНЫМИ СИЛАМИ И ИНОПЛАНЕТЯНАМИ ИЗ-ЗА ИСТОРИЧЕСКИ ВАЖНОГО СКЛОНА, КУДА ТУРИСТЫ СТЕКАЮТСЯ КАЖДЫЙ ГОД. ВЗГЛЯНИТЕ НА ФОТОГРАФИИ ЗДЕСЬ, И ЗДЕСЬ. ВЫ МОЖЕТЕ ВИДЕТЬ, ЧТО ОНИ ИСПОЛЬЗОВАЛИ КАКОЕ-ТО УСТРОЙСТВО, ЧТОБЫ ПРОБУРИТЬ КИЛОМЕТРОВЫЙ ТУННЕЛЬ В СКАЛЕ. К СОЖАЛЕНИЮ, ЭТО НЕ БАНАЛЬНЫЙ АКТ ВАНДАЛИЗМА, ЭТО КОЕ-ЧТО БОЛЕЕ ЗЛОВЕЩЕЕ.&#10;&#10;ОРБИТАЛЬНЫЙ ФЛОТ ПРИШЕЛЬЦЕВ ДАЁТ ИМ СВОБОДУ НАНОСИТЬ УДАРЫ ПО ЛЮБОЙ ЦЕЛИ В ЛЮБОЙ ЧАСТИ МИРА, ОДНАКО ЭТА СВОБОДА ОГРАНИЧЕНА ИХ ЛИНИЯМИ СНАБЖЕНИЯ. НЛО ДОЛЖНЫ ВОЗВРАЩАТЬСЯ ОБРАТНО К МАТЕРИНСКОМУ КОРАБЛЮ ДЛЯ ДОЗАПРАВКИ, ЧТО, ПО СЛОВАМ НАШИХ ЯЙЦЕГОЛОВЫХ СПЕЦИАЛИСТОВ, ФИЗИЧЕСКИ ОБРЕМЕНЯЕТ ДАЖЕ ИХ ПРОДВИНУТЫЕ ТЕХНОЛОГИИ. ЭТА ПОЛНАЯ ЗАВИСИМОСТЬ ОЗНАЧАЕТ, ЧТО ФЛОТ ДОЛЖЕН ПРОВОДИТЬ МАСШТАБНУЮ И НЕПРЕКРАЩАЮЩУЮСЯ ОПЕРАЦИЮ СНАБЖЕНИЯ, ЧТОБЫ ОБЕСПЕЧИТЬ СЕБЯ ВСЕМ НЕОБХОДИМЫМ, НЕСМОТРЯ НА ТО, ЧТО НАША ПЛАНЕТА ОБЛАДАЕТ ВСЕМИ НЕОБХОДИМЫМИ РЕСУРСАМИ — ВОПРОС ТОЛЬКО В ТОМ, КАК ИХ ДОБЫТЬ.&#10;&#10;ЧТОБЫ ОБЛЕГЧИТЬ БРЕМЯ РЕМОНТА И СНАБЖЕНИЯ, ПРИШЕЛЬЦАМ НЕОБХОДИМО ПОСТРОИТЬ ПЕРЕДОВЫЕ ОПЕРАТИВНЫЕ БАЗЫ ДЛЯ ОБСЛУЖИВАНИЯ И РЕМОНТА НЕБОЛЬШИХ СУДОВ, СОЗДАТЬ ПЛАЦДАРМ ДЛЯ ПРОВЕДЕНИЯ НАЗЕМНЫХ ОПЕРАЦИЙ И РАЗМЕЩЕНИЯ ПРИПАСОВ. ЭТОТ ТУННЕЛЬ ВЫГЛЯДИТ КАК ПРОБНАЯ СКВАЖИНА, ЧТОБЫ ПРОВЕРИТЬ, ЯВЛЯЕТСЯ ЛИ ЭТА СКАЛА ПОДХОДЯЩИМ КАНДИДАТОМ.&#10;&#10;МОЖНО ОЖИДАТЬ РАЗМЕЩЕНИЕ БАЗ ПРИШЕЛЬЦЕВ В СТОРОНЕ ОТ ОЧАГОВ ЦИВИЛИЗАЦИИ — ЭТО ЗАТРУДНИТ ИХ ПОИСК. Я УЖЕ ПОСЛАЛ АГЕНТОВ, ЧТОБЫ ОНИ СОБИРАЛИ ВСЮ ИНФОРМАЦИЮ, КОТОРУЮ ТОЛЬКО СМОГУТ, В ТО ВРЕМЯ КАК НАШИ АНАЛИТИКИ ПЕРЕЛИСТЫВАЮТ ЖУРНАЛЫ НАБЛЮДЕНИЙ НЛО. ОДНАКО ЭТО ЗАНИМАЕТ ВРЕМЯ, И ЭТО НЕ САМЫЙ НАДЁЖНЫЙ ИСТОЧНИК ИНФОРМАЦИИ. САМЫЙ НАДЁЖНЫЙ СПОСОБ ОБНАРУЖИТЬ БАЗУ ПРИШЕЛЬЦЕВ — ОТСЛЕЖИВАТЬ АКТИВНОСТЬ КОРАБЛЕЙ.&#10;&#10;ТОЛЬКО КОРАБЛИ С СИГНАТУРОЙ СРЕДНЕГО РАЗМЕРА И БОЛЬШЕГО МОГУТ ВЫПОЛНЯТЬ МИССИИ ПО ПОСТРОЙКЕ БАЗЫ. СРЕДНИЕ СИГНАЛЫ, КОТОРЫЕ ПРИЗЕМЛЯЮТСЯ, ВЗЛЕТАЮТ И СНОВА ПРИЗЕМЛЯЮТСЯ, ДЕЛАЯ ЭТО ПО НЕСКОЛЬКО РАЗ. ЭТО ПРИЗНАК ТОГО, ЧТО ПРИШЕЛЬЦЫ ИЗУЧАЮТ МЕСТА, ЧТОБЫ ОПРЕДЕЛИТЬ, ПОДХОДЯТ ЛИ ОНИ ДЛЯ СТРОИТЕЛЬСТВА.&#10;&#10;ИХ БАЗЫ БУДУТ НУЖДАТЬСЯ В ПРИПАСАХ ПЕРВОЙ НЕОБХОДИМОСТИ, КОТОРЫЕ ОНИ НЕ МОГУТ ПРОИЗВЕСТИ НА МЕСТЕ. ПОЭТОМУ, ЕСЛИ ВЫ НЕ МОЖЕТЕ НАЙТИ ПРЕДПОЛАГАЕМУЮ БАЗУ ВРАГА, ИЩИТЕ СИГНАТУРЫ СРЕДНЕГО РАЗМЕРА, КРУЖАЩИМИ НАД МЕСТАМИ, КОТОРЫЕ НЕ ЯВЛЯЮТСЯ НИ ГОРОДОМ, НИ ОКРЕСТНОСТЯМИ ВАШЕЙ СОБСТВЕННОЙ БАЗЫ. ЕСЛИ ВЫ ПРОСЛЕДУЕТЕ ЗА ЭТОЙ СИГНАТУРОЙ ДО ЕЁ МЕСТА НАЗНАЧЕНИЯ, ОНА, ВПОЛНЕ ВЕРОЯТНО, ВЫВЕДЕТ ВАС НА БАЗУ ПРИШЕЛЬЦЕВ.&#10;&#10;БАЗЫ ИНОПЛАНЕТЯН — ПАРАЗИТЫ, ПОДРЫВАЮЩИЕ ФИНАНСИРОВАНИЕ СО СТОРОНЫ СТРАНЫ-СПОНСОРА, НА ТЕРРИТОРИИ КОТОРОЙ НАХОДЯТСЯ. НЕСМОТРЯ НА ОТСУТСТВИЕ ОЧЕВИДНОГО КРАТКОСРОЧНОГО ЭФФЕКТА, В ДОЛГОСРОЧНОЙ ПЕРСПЕКТИВЕ УРОН ОТ НИХ НИЧУТЬ НЕ МЕНЬШИЙ, ЧЕМ ОТ ЛЮБОЙ ПРЯМОЙ АТАКИ ПРИШЕЛЬЦЕВ.</Data></Cell>
   </Row>
   <Row>
    <Cell><Data ss:Type="String">Researches.BaseAttackMission</Data></Cell>
    <Cell><Data ss:Type="String">АТАКА БАЗЫ КСЕНОНАВТОВ</Data></Cell>
    <Cell><Data ss:Type="String">xenopediaimages/baseattack</Data></Cell>
    <Cell><Data ss:Type="String">Миссии НЛО</Data></Cell>
    <Cell><Data ss:Type="String">AC</Data></Cell>
    <Cell><Data ss:Type="String">Я ВЫДАВИЛ ИНФОРМАЦИЮ ИЗ СТАРОГО ДРУГА В ВООРУЖЁННЫХ СИЛАХ О НАПАДЕНИИ НА ЯДЕРНУЮ РАКЕТНУЮ УСТАНОВКУ ГЛУБОКОГО БАЗИРОВАНИЯ. ГРУППА ИНОПЛАНЕТЯН НЕЗАМЕТНО СМОГЛА ПРОНИКНУТЬ НА ВОЕННУЮ БАЗУ, НЕСМОТРЯ НА ТО, ЧТО БОЛЬШАЯ ЧАСТЬ ЕЁ НАХОДИЛАСЬ НА ГЛУБИНЕ В 800 МЕТРОВ ПОД ЗЕМЛЁЙ, И, ЧЁРТ ВОЗЬМИ, ПРОСТО СМЕЛА ОХРАНУ. ТОЛЬКО ПРЕДНАМЕРЕННО РАЗРУШИВ ЖИЛОЕ КРЫЛО, КОМАНДИР БАЗЫ СУМЕЛ СПАСТИ ХОТЬ ЧТО-ТО. ЭТО БЕСПОКОИТ МЕНЯ... ЕСЛИ ИНОПЛАНЕТЯНАМ УДАЛОСЬ НАПАСТЬ НА НАШИХ СПОНСОРОВ, РАНО ИЛИ ПОЗДНО ОНИ ДОБЕРУТСЯ И ДО НАС.&#10;&#10;ЕСЛИ ИНОПЛАНЕТЯНЕ УСПЕШНО АТАКУЮТ И ЗАХВАТЯТ ОДНУ ИЗ НАШИХ БАЗ, МЫ ПОТЕРЯЕМ ВСЕ ОПЕРАЦИОННЫЕ АКТИВЫ, КОТОРЫЕ ХРАНИЛИСЬ ТАМ. КРОМЕ ТОГО, ОБЛАСТЬ ТЕРРИТОРИИ, ПОКРЫТАЯ ПРЕЖДЕ РАДАРОМ БАЗЫ, ОКАЖЕТСЯ НЕ ЗАЩИЩЕНА, ПОКА МЫ НЕ СМОЖЕМ ПОСТРОИТЬ НОВУЮ. ДАЖЕ ЕСЛИ НАМ УДАСТСЯ ОТБИТЬ АТАКУ, У НИХ ВСЁ ЖЕ БУДЕТ ВОЗМОЖНОСТЬ ЗА ЭТО ВРЕМЯ НАНЕСТИ НЕПОПРАВИМЫЙ УРОН НАШИМ АНГАРАМ, ЛАБОРАТОРИЯМ И МАСТЕРСКИМ. ТАК, ЧТО НЕ СТОИТ СИДЕТЬ И ЖДАТЬ, КОГДА ОНИ ПРИДУТ САМИ, КОМАНДИР. ПОПРИВЕТСТВУЙТЕ ИХ ЗАЛПОМ!&#10;&#10;НЕ ИМЕЯ ВОЗМОЖНОСТИ ПЕРЕХВАТЫВАТЬ И РАСШИФРОВЫВАТЬ ИНОПЛАНЕТНЫЕ СООБЩЕНИЯ, БУДЕТ ОЧЕНЬ ТРУДНО СКАЗАТЬ, СОБИРАЕТСЯ ЛИ НЛО НАПАСТЬ НА НАШУ БАЗУ ИЛИ ЖЕ НА СОСЕДНИЙ ГОРОД. НАБЛЮДАЙТЕ ЗА СОПРОВОЖДАЕМЫМИ СИГНАТУРАМИ СРЕДНЕГО И БОЛЬШЕГО РАЗМЕРОВ. ПЛАНИРУЯ НАПАДЕНИЕ, ПРИШЕЛЬЦЫ НЕ БУДУТ СРАЗУ РАСКРЫВАТЬ СВОИ КАРТЫ, ОДНАКО РАНО ИЛИ ПОЗДНО ОНИ НАПРАВЯТСЯ ПРЯМО НА НАС. НАИБОЛЕЕ ВЕРОЯТНЫ ДЛЯ НАПАДЕНИЯ ТЕ ИЗ БАЗ, О КОТОРЫХ У НИХ НАКОПИЛОСЬ БОЛЬШЕ ВСЕГО ОПЕРАТИВНЫХ ДАННЫХ — Т.Е. КОТОРЫЕ БЫЛИ ПОСТРОЕНЫ ПЕРВЫМИ. ХОРОШЕЙ ИДЕЕЙ БУДЕТ РАЗМЕСТИТЬ ГАРНИЗОН ИЛИ УСТАНОВИТЬ ОБОРОНИТЕЛЬНЫЕ СООРУЖЕНИЯ НА НАИБОЛЕЕ ПОДВЕРЖЕННЫХ РИСКУ БАЗАХ.</Data></Cell>
   </Row>
   <Row>
    <Cell><Data ss:Type="String">Researches.ReaperClass</Data></Cell>
    <Cell><Data ss:Type="String">ПОТРОШИТЕЛИ</Data></Cell>
    <Cell><Data ss:Type="String">xenopediaimages/reaper_terrorist</Data></Cell>
    <Cell><Data ss:Type="String">Силы пришельцев</Data></Cell>
    <Cell><Data ss:Type="String">ACW</Data></Cell>
    <Cell><Data ss:Type="String">ЭТО ВСЁ ИЗ-ЗА ХОКИНС, КОМАНДИР. Я УВЕРЕН, ОНА НАМЕРЕННО ПОПЫТАЛАСЬ НАРУШИТЬ КАРАНТИННЫЕ ПРОТОКОЛЫ, ИСПОЛЬЗУЕМЫЕ ДЛЯ СОДЕРЖАНИЯ ПЛЕНЁННОГО ЦЕЗАНЦА, ИЗУЧЕНИЕ КОТОРОГО МЫ СЕЙЧАС ПРОВОДИМ. “К СЧАСТЬЮ”, ВМЕСТО ЭТОГО ОНА ОТКРЫЛА КАМЕРУ СОЗРЕВАНИЯ ЛИЧИНОК ПОТРОШИТЕЛЯ. БЛАГОДАРЯ ЭТОМУ, МЫ СМОГЛИ ТЩАТЕЛЬНО ИЗУЧИТЬ ВЛИЯНИЕ МЕТАМОРФОЗ ЛИЧИНОК ПОТРОШИТЕЛЯ НА ЧЕЛОВЕКА. ОПЕРЕЖАЯ ВАШ ЗАПРОС ДОПОЛНИТЕЛЬНОЙ ИНФОРМАЦИИ О ПОТРОШИТЕЛЯХ, Я СОБРАЛ ВМЕСТЕ ВСЁ, ЧТО МЫ ЗНАЕМ О НИХ, СНАБДИВ ДОПОЛНИТЕЛЬНОЙ ИНФОРМАЦИЕЙ О ЗОМБИ.&#10;&#10;АЛЬФА-ПОТРОШИТЕЛИ: БУДТО БЫ ОБЫЧНЫХ ПОТРОШИТЕЛЕЙ БЫЛО МАЛО, МЫ ОБНАРУЖИЛИ, ЧТО НЕКОТОРЫЕ ИЗ НИХ, ГОРАЗДО БЫСТРЕЕ, СИЛЬНЕЕ И МЕНЕЕ ПОДВЕРЖЕНЫ ПОВРЕЖДЕНИЯМ, ЧЕМ ИХ ОБЫЧНЫЕ СОБРАТЬЯ. ЭТИ &quot;АЛЬФА&quot;-ПОТРОШИТЕЛИ УСТУПАЮТ ЧИСЛОМ, ОДНАКО ОТНЮДЬ НЕ МЕНЕЕ ПЛОДОВИТЫ. БЕЗ ДОЛЖНОГО КОНТРОЛЯ, ОНИ МОГУТ В КОРОТКИЕ СРОКИ ПРЕВРАЩАТЬ ЦЕЛЫЕ ГОРОДА В ОРДЫ ОТВРАТИТЕЛЬНЫХ ЗОМБИ. АЛЬФА-ПОТРОШИТЕЛЯ МОЖНО УЗНАТЬ ПО ЕГО БОЛЕЕ СВЕТЛОМУ ОТТЕНКУ.&#10;&#10;ЗОМБИ: ЗОМБИ НАПОМИНАЕТ ГОРБАТУЮ ВОСКОВУЮ ФИГУРУ, КОТОРАЯ СТОЯЛА СЛИШКОМ БЛИЗКО У ОГНЯ. ЧЕРТЫ ЛИЦА ОПЛАВЛЯЮТСЯ, А КОНЕЧНОСТИ УДЛИННЯЮТСЯ, ТЕРЯЯ КОСТНУЮ СТРУКТУРУ И ВМЕСТЕ С НЕЙ ФОРМУ. ГОРБ, ИЗ КОТОРОГО ВОТ-ВОТ ВЫРВЕТСЯ СТРЕМИТЕЛЬНО СОЗРЕВАЮЩИЙ ПОТРОШИТЕЛЬ, ПОКРЫТ ПЯТНИСТЫМИ ВЕНАМИ. В ЭТОМ СОСТОЯНИИ ЗОМБИ МОГУТ ДЕЛАТЬ ЕДВА ЛИ БОЛЬШЕ, ЧЕМ РАЗМАХИВАТЬ КОНЕЧНОСТЯМИ, КРИЧА ОТ БОЛИ И ЯРОСТИ. НЕ ПОЗВОЛЯЙТЕ ИМ ПОДХОДИТЬ СЛИШКОМ БЛИЗКО! СМЕРТЬ НОСИТЕЛЯ ВЫЗЫВАЕТ ГИПЕРУСКОРЕННЫЙ ВСПЛЕСК РОСТА У ЛИЧИНОК. ВЫ ЖЕ НЕ ХОТИТЕ, ЧТОБЫ КРИК РОЖДЕНИЯ НОВОГО ПОТРОШИТЕЛЯ ПРОЗВЕНЕЛ ВМЕСТЕ СО СМЕРТЕЛЬНЫМ ХРИПОМ ВАШИХ СОЛДАТ?&#10;&#10;АЛЬФА-ЗОМБИ: АЛЬФА-ЗОМБИ ВЫГЛЯДЯТ ТОЧНО ТАК ЖЕ, КАК И ОБЫЧНЫЕ, ОДНАКО ПРОЦЕССЫ, СОЗДАЮЩИЕ НОВОГО АЛЬФА-ПОТРОШИТЕЛЯ, ДЕЛАЮТ ЕГО ЕЩЁ ОПАСНЕЕ. ИХ НОВАЯ ФОРМА ЛУЧШЕ ПОДХОДИТ ДЛЯ ТОГО, ЧТОБЫ ВЫДЕРЖАТЬ УВЕЛИЧИВШУЮСЯ НАГРУЗКУ ОТ АЛЬФА-ПОТРОШИТЕЛЯ, И, КАК СЛЕДСТВИЕ, ОНИ БЫСТРЕЕ, СИЛЬНЕЕ И КРЕПЧЕ.&#10;&#10;БУДЬТЕ ОЧЕНЬ ОСТОРОЖНЫ, ЕСЛИ КТО-ТО ИЗ ВАШИХ БОЙЦОВ ОКАЖЕТСЯ ЗАРАЖЁН, КОМАНДИР. ХОТЯ ИХ ПОВРЕЖДЁННЫЙ МОЗГ НЕ ПОЗВОЛИТ ИСПОЛЬЗОВАТЬ ЛИЧНОЕ ОРУЖИЕ, ИЗОДРАННЫЕ ОСТАТКИ БРОНИ НА НИХ ОБЕСПЕЧАТ ИМ ЛУЧШУЮ ЗАЩИТУ, ЧЕМ ПОРВАННАЯ ОДЕЖДА, КОТОРАЯ УКРАШАЕТ ОБЫЧНЫХ ЗОМБИ.</Data></Cell>
   </Row>
   <Row>
    <Cell><Data ss:Type="String">Researches.WraithClass</Data></Cell>
    <Cell><Data ss:Type="String">ПРИЗРАКИ</Data></Cell>
    <Cell><Data ss:Type="String">xenopediaimages/wraith_warrior</Data></Cell>
    <Cell><Data ss:Type="String">Силы пришельцев</Data></Cell>
    <Cell><Data ss:Type="String">ACW</Data></Cell>
    <Cell><Data ss:Type="String">КОМАНДИР, ПОЖАЛУЙСТА, ПЕРЕГОВОРИТЕ СО СВОИМИ ЛЮДЬМИ. ЕСЛИ ИСПЫТУЕМОМУ ПРИШЕЛЬЦУ УДАСТСЯ НАРУШИТЬ КАРАНТИН, ПРАВИЛЬНЫЙ ОТВЕТ — ПОДАВИТЬ И УДЕРЖАТЬ ЕГО, ПОКА НАШИ СПЕЦИАЛИСТЫ НЕ СМОГУТ ДОБРАТЬСЯ ДО МЕСТА ПРОИСШЕСТВИЯ. УБЕДИТЕЛЬНАЯ ПРОСЬБА НЕ ХВАТАТЬ ВСЁ, ЧТО ТОЛЬКО МОЖНО, И НЕ РАЗЫГРЫВАТЬ СЦЕНЫ ИЗ ТЕХАССКОЙ РЕЗНИ БЕНЗОПИЛОЙ, ДАЖЕ ЕСЛИ ЭТОМУ ПРИШЕЛЬЦУ УДАСТСЯ ТЕЛЕПОРТИРОВАТЬСЯ В СТОЛОВУЮ ВО ВРЕМЯ ЛАНЧА. КОГДА ВАШИ ГОРИЛЛЫ ЗАКОНЧИЛИ, ОТ ПРИЗРАКА НЕ ОСТАЛОСЬ НИЧЕГО, ЧТО ПОДОШЛО БЫ ДАЖЕ ДЛЯ АНАЛИЗА ТКАНЕЙ.&#10;&#10;ПОДОБНО ВЕРХОКРЫЛАМ, У ПРИЗРАКОВ УСЕЧЁННАЯ КЛАССОВАЯ СТРУКТУРА. ВЕРОЯТНО, ЭТО СВЯЗАНО С ИХ ЭЛИТАРНЫМ СТАТУСОМ В ИЕРАРХИИ ПРИШЕЛЬЦЕВ — НИ ОДИН ПРИЗРАК НЕ ДОЛЖЕН ЗАМАРАТЬ ВЕРХНИЕ КОНЕЧНОСТИ РУЧНЫМ ТРУДОМ! В ТО ВРЕМЯ, КАК БОЕВАЯ БРОНЯ ПРИЗРАКОВ ИМЕЕТ РАВНОМЕРНЫЙ ЗЕЛЁНЫЙ ЦВЕТ, МЫ ЗАМЕТИЛИ ЗНАЧИТЕЛЬНЫЕ ЭЛЕМЕНТЫ САМОВЫРАЖЕНИЯ, И НЕ БЫЛО НАЙДЕНО НИ ОДНОГО ИДЕНТИЧНОГО КОСТЮМА. ВЕРОЯТНО, ИМЕННО ТАК ПРИЗРАКИ И РАЗЛИЧАЮТ ДРУГ ДРУГА В СОЦИАЛЬНОМ ПЛАНЕ, А ТАК ЖЕ ЭТО ОТРАЖАЕТ ИХ УДИВИТЕЛЬНЫЙ УРОВЕНЬ НЕЗАВИСИМОСТИ В ИЕРАРХИИ ПРИШЕЛЬЦЕВ. МЫ ОПРЕДЕЛИЛИ НЕКОТОРЫЕ ЗВАНИЯ В ВООРУЖЁННЫХ СИЛАХ ПРИЗРАКОВ, ОПРЕДЕЛЯЕМЫЕ ПО КОЛИЧЕСТВУ БРОНИ, КОТОРУЮ ОНИ НОСЯТ.&#10;&#10;СОЛДАТЫ: СОЛДАТ ПРИЗРАКОВ НОСИТ СЕГМЕНТИРОВАННЫЙ БРОНЕКОСТЮМ С НАПЛЕЧНИКАМИ, И, КАК ПРАВИЛО, ВООРУЖЁН ПЛАЗМЕННОЙ ВИНТОВКОЙ. НЕСМОТРЯ НА НЕКОТОРУЮ КАЖУЩУЮСЯ СЛАБОСТЬ, ИХ ВОЗМОЖНОСТЬ ТЕЛЕПОРТИРОВАТЬСЯ НА ФЛАНГОВЫЕ ПОЗИЦИИ ИЛИ ПОЗАДИ ТРАНСПОРТНЫХ СРЕДСТВ НЕ ТРЕБУЕТ ОТ НИХ НАЛИЧИЯ ТЯЖЁЛОГО ВООРУЖЕНИЯ.&#10;&#10;ВОИНЫ: ВОИНЫ ИМЕЮТ ЗНАЧИТЕЛЬНО БОЛЕЕ ВАРИАТИВНОЕ ВООРУЖЕНИЕ, ПРИЧЁМ ТЯЖЁЛАЯ ПЛАЗМА И ПЛАЗМЕННЫЕ ПУШКИ ВСТРЕЧАЮТСЯ ДОВОЛЬНО ЧАСТО. ПОМИМО ДОПОЛНИТЕЛЬНЫХ ПЛАСТИН НА НОГАХ, ОСНОВНОЕ ОТЛИЧИЕ ЗАКЛЮЧАЕТСЯ В ТОЛЩИНЕ И КАЧЕСТВЕ ИМПЛАНТАТОВ ДЛЯ ПОДКОЖНОЙ БРОНИ, КОТОРЫЕ ЗНАЧИТЕЛЬНО ПОВЫШАЮТ ИХ ЖИВУЧЕСТЬ.&#10;&#10;ОФИЦЕРЫ: КАК И ДРУГИЕ ОФИЦЕРЫ, ОФИЦЕРЫ ПРИЗРАКОВ — ЕДИНСТВЕННЫЙ КЛАСС БОЙЦОВ, НОСЯЩИЙ ШЛЕМ, КОТОРЫЙ ЗАЩИЩАЕТ НАИБОЛЕЕ УЯЗВИМУЮ ЧАСТЬ ИХ АНАТОМИИ — СИНИЕ УЗЛЫ. МЫ НЕ ОЧЕНЬ ПОНИМАЕМ, ПОЧЕМУ БОЛЬШИНСТВО ПРИЗРАКОВ НЕ НОСИТ ШЛЕМЫ ДЛЯ ЗАЩИТЫ СВОИХ УЗЛОВ — НЕСМОТРЯ НА ТО, ЧТО ОНИ ВЫДЕЛЯЮТ ДЕЙСТВИТЕЛЬНО МНОГО ТЕПЛА, ОХЛАЖДЕНИЕ НЕ СТАЛО БЫ ПРЕПЯТСТВИЕМ ДЛЯ ИМПЕРИИ, КОТОРАЯ МОЖЕТ НАНОСИТЬ СВЕРХПРОВОДЯЩИЕ МАТЕРИАЛЫ НА ПОВЕРХНОСТИ СЛОВНО КРАСКУ.&#10;&#10;ЭЛИТА: ИЗУЧЕНИЕ ДОСПЕХОВ ЭЛИТНЫХ БОЙЦОВ-ПРИЗРАКОВ УКАЗЫВАЕТ НА ЗНАЧИТЕЛЬНЫЕ МОДИФИКАЦИИ, НАИБОЛЕЕ РАСПРОСТРАНЁННЫМИ ИЗ КОТОРЫХ ЯВЛЯЕТСЯ ЗАКАЛКА МАТЕРИАЛОВ, НАПОДОБИЕ ТОЙ, ЧТО МЫ НАБЛЮДАЛИ В ДЕСАНТНОМ КОРАБЛЕ ПРИШЕЛЬЦЕВ. МЫ ТАКЖЕ ОТМЕТИЛИ ИМПЛАНТАТЫ НЕИЗВЕСТНОГО ТИПА, КОТОРЫЕ УЛУЧШАЮТ ГИБКОСТЬ, ПОДВИЖНОСТЬ И ОБЩУЮ ЖИВУЧЕСТЬ ЭЛИТНОГО СОЛДАТА. ЭЛИТА ТАКЖЕ НОСИТ НАИБОЛЕЕ ПОЛНЫЕ КОМПЛЕКТЫ БРОНИ — ЗЕЛЁНЫЙ КОСТЮМ, НАПОДОБИЕ ТЕХ, ЧТО НОСИТ СЕБИЛИАНСКАЯ ЭЛИТА, А ТАКЖЕ БОЛЕЕ ШИРОКИЙ НАБОР САМИХ ЭЛЕМЕНТОВ БРОНИ.</Data></Cell>
   </Row>
   <Row>
    <Cell><Data ss:Type="String">Researches.HarridanClass</Data></Cell>
    <Cell><Data ss:Type="String">ВЕРХОКРЫЛЫ</Data></Cell>
    <Cell><Data ss:Type="String">xenopediaimages/harridan_elite</Data></Cell>
    <Cell><Data ss:Type="String">Силы пришельцев</Data></Cell>
    <Cell><Data ss:Type="String">ACW</Data></Cell>
    <Cell><Data ss:Type="String">КАК И НЕКОТОРЫЕ ИЗ САМЫХ ОТВРАТИТЕЛЬНЫХ ПРИМЕРОВ ИЗ АДМИНИСТРАЦИИ, КЛАССОВАЯ СТРУКТУРА ВЕРХОКРЫЛОВ КОРОТКА, ТУПА И БЛИЗОРУКО СФОКУСИРОВАНА НА ОДНОЙ-ЕДИНСТВЕННОЙ РОЛИ. МЫ ОПРЕДЕЛИЛИ НЕСКОЛЬКО КЛАССОВ ВЕРХОКРЫЛОВ, ОСНОВНОЙ ОТЛИЧИТЕЛЬНОЙ ЧЕРТОЙ КОТОРЫХ ЯВЛЯЕТСЯ КАЧЕСТВО, ПОКРЫТИЕ И ЭФФЕКТИВНОСТЬ БРОНИ, КОТОРУЮ ОНИ НОСЯТ.&#10;&#10;СОЛДАТЫ: СИНЕ-БЕЛЫЕ СОЛДАТЫ ЯВЛЯЕТСЯ САМЫМ РАСПРОСТРАНЁННЫМ ТИПОМ, С КОТОРЫМ ВЫ МОЖЕТЕ СТОЛКНУТЬСЯ. ИХ ЧАСТО МОЖНО ВСТРЕТИТЬ С АНДРОНАМИ (БЕЗУСЛОВНО, ОНИ ПРЕДОСТАВЛЯЮТ ИМ ТЕХНИЧЕСКУЮ И ДРУГУЮ ПОДДЕРЖКУ). ДУМАЮ, НЕ СТОИТ РАССКАЗЫВАТЬ ЕЩЁ РАЗ ОБ ИХ НАВЫКАХ ОБРАЩЕНИЯ С ВИНТОВКОЙ ИЛИ ПРЫЖКОВЫМ РАНЦЕМ.&#10;&#10;ВОИНЫ: НАИБОЛЕЕ ОЧЕВИДНОЕ УЛУЧШЕНИЕ, КОТОРОЕ ПОЛУЧАЕТ ФИОЛЕТОВЫЙ ВОИН, — ЭТО ДОБАВЛЕНИЕ БРОНИРОВАННЫХ ПЕРЧАТОК И БОТИНОК, А ТАКЖЕ МОДЕРНИЗАЦИЯ ИХ СИСТЕМ ЦЕЛЕУКАЗАНИЯ. БЫЛО ЗАМЕЧЕНО, ЧТО ВОИНЫ НОСЯТ ПЛАЗМЕННЫЕ ПУШКИ ТАК ЖЕ ЧАСТО, КАК И ВИНТОВКИ, ТАК ЧТО БУДЬТЕ ОСТОРОЖНЫ!&#10;&#10;ОФИЦЕРЫ: ОФИЦЕРОВ ЛЕГКО УЗНАТЬ ПО ИХ КРАСНОЙ БРОНЕ И ДОПОЛНИТЕЛЬНОМУ НАБОРУ КРЫЛЬЕВ НА РЮКЗАКЕ. ОН ДЕЙСТВУЕТ НЕ СТОЛЬКО КАК КОМАНДИР, СКОЛЬКО КАК КООРДИНИРУЮЩЕЕ ЗВЕНО СРЕДИ ВЕРХОКРЫЛОВ. ОФИЦЕРЫ НАИБОЛЕЕ ИНТЕЛЛЕКТУАЛЬНО РАЗВИТЫ И НАИБОЛЕЕ НЕЗАВИСИМЫ СРЕДИ ВЕРХОКРЫЛОВ, ПОЭТОМУ БУДЬТЕ ОСТОРОЖНЫ, КОГДА СТАЛКИВАЕТЕСЬ С НИМИ.&#10;&#10;ЭЛИТА: ЭЛИТА ФИЗИЧЕСКИ НЕОТЛИЧИМА ОТ ДРУГИХ ВЕРХОКРЫЛОВ, ОДНАКО ИХ ЧЁРНО-СЕРЫЕ КОСТЮМЫ ОТЛИЧАЮТСЯ ВЫСОЧАЙШИМ КАЧЕСТВОМ ИСПОЛНЕНИЯ И ВКЛЮЧАЮТ В СЕБЯ МОЩНЫЕ ЭЛЕМЕНТЫ, КОТОРЫЕ ЗНАЧИТЕЛЬНО УЛУЧШАЮТ ИХ ФИЗИЧЕСКИЕ И УМСТВЕННЫЕ СПОСОБНОСТИ. ЭЛИТА, В ТАКТИЧЕСКОМ ПЛАНЕ ПОЧТИ НЕОТЛИЧИМАЯ ОТ ОФИЦЕРОВ, ВО ВСЕХ ОТНОШЕНИЯХ ПРЕВОСХОДИТ ДРУГИХ СВОИХ СОБРАТЬЕВ.&#10;&#10;НЕОБЫЧНЫМ ЯВЛЯЕТСЯ ТО, ЧТО НЕТ НИКАКИХ СВИДЕТЕЛЬСТВ О СУЩЕСТВОВАНИИ БОЛЕЕ ВЫСОКОГО РАНГА СРЕДИ ВЕРХОКРЫЛОВ. НАША ПОСЛЕДНЯЯ ГИПОТЕЗА О ИХ ПОВЕДЕНИИ ИСКЛЮЧАЕТ, ЧТО ИХ ИНТЕЛЛЕКТ СПОСОБЕН К ВЕЛИКОЙ СТРАТЕГИИ. ОНИ ЗАВИСИМЫ ОТ ЛИДЕРОВ ДРУГИХ РАС, КОТОРЫЕ НАПРАВЛЯЮТ ИХ ... И НАЗНАЧАЮТ ИМ ЦЕЛИ.</Data></Cell>
   </Row>
   <Row>
    <Cell><Data ss:Type="String">Researches.AndronClass1</Data></Cell>
    <Cell><Data ss:Type="String">АНДРОНЫ</Data></Cell>
    <Cell><Data ss:Type="String">xenopediaimages/andron_guard</Data></Cell>
    <Cell><Data ss:Type="String">Силы пришельцев</Data></Cell>
    <Cell><Data ss:Type="String">ACW</Data></Cell>
    <Cell><Data ss:Type="String">КОМАНДИР, ЧТО ИМЕННО ВЫ ОЖИДАЛИ УСЛЫШАТЬ, ЗАПРАШИВАЯ У ИНЖЕНЕРНОГО ОТДЕЛА ИНФОРМАЦИЮ О АНДРОНАХ? ИХ БЕССВЯЗНОЕ, НАПОЛНЕННОЕ ЖАРГОНИЗМАМИ ЭССЕ, ПОГРЯЗШЕЕ В НЕНУЖНЫХ ДЕТАЛЯХ О ВНУТРЕННИХ КОМПОНЕНТАХ, ВРЯД-ЛИ ЯВЛЯЕТСЯ ИМЕННО ТОЙ ИНФОРМАЦИЕЙ, КОТОРАЯ МОЖЕТ БЫТЬ ДЕЙСТВИТЕЛЬНО ПОЛЕЗНА.&#10;&#10;ИТАК, ПЕРВОЕ, ЧТО ВАМ СТОИТ ЗНАТЬ ОБ АНДРОНАХ — ОНИ ВСЕ ПРЕДНАЗНАЧЕНЫ ДЛЯ ВЕДЕНИЯ БОЕВЫХ ДЕЙСТВИЙ. ЭТИ ХОДЯЧИЕ МАШИНЫ СМЕРТИ СПОСОБНЫ НА ТОНКИЕ МАНИПУЛЯЦИИ, А ИХ АДАПТИВНАЯ ЛОГИКА ПОЗВОЛЯЕТ ИМ СПРАВЛЯТЬСЯ С ОБОРУДОВАНИЕМ БЕЗ ПОСТОРОННЕЙ ПОМОЩИ. ЗА ШТУРВАЛОМ НЛО ОНИ ПРОЯВЛЯЮТ СЕБЯ НЕ ХУЖЕ, ЧЕМ В БОЮ. ВО-ВТОРЫХ, ЭТО ТО, ЧТО У НАС ЕСТЬ НОВЫЕ ДАННЫЕ О ДВУХ ШИРОКИХ &quot;КЛАССАХ&quot; АНДРОНОВ, КОТОРЫЕ БЫЛИ ЗАМЕЧЕНЫ НА ПОЛЕ БОЯ.&#10;&#10;ОХРАННИКИ — ПОСЛЕДНЯЯ ЛИНИЯ ОБОРОНЫ. МЫ ТАК ПРОЗВАЛИ АНДРОНОВ КАМУФЛЯЖНО-ЗЕЛЁНОГО ЦВЕТА ЗА ИХ ДОВОЛЬНО ПРЕДСКАЗУЕМОЕ ПОВЕДЕНИЕ И СТРЕМЛЕНИЕ К ЗАЩИТЕ ДРУГИХ ИНОПЛАНЕТЯН. НА ПОЛЕ БОЯ ЭТА МОДЕЛЬ НАИБОЛЕЕ РАСПРОСТРАНЕНА. ВООРУЖЁННЫЙ, КАК ПРАВИЛО, ПЛАЗМЕННОЙ ВИНТОВКОЙ И БОЛЕЕ ТЯЖЁЛЫМ ОРУЖИЕМ, ЭТОТ КЛАСС АНДРОНОВ ЯВЛЯЕТСЯ УЖАСОМ ДЛЯ ПРОСТЫХ СОЛДАТ, И ЛЮБЫМ СОЛДАТАМ, ВООРУЖЁННЫМ ТОЛЬКО ВИНТОВКОЙ, СЛЕДУЕТ ПРИБЛИЖАТЬСЯ К НИМ С ОСТОРОЖНОСТЬЮ.&#10;&#10;АНДРОНЫ-СОЛДАТЫ КРУПНЕЕ, ВНУШИТЕЛЬНЕЕ И ЛУЧШЕ БРОНИРОВАНЫ, ЧЕМ АНДРОНЫ-ОХРАННИКИ. ТЁМНО-СИНИЕ АНДРОНЫ ВООРУЖЕНЫ ИСКЛЮЧИТЕЛЬНО ТЯЖЁЛЫМ ОРУЖИЕМ, ЧАЩЕ ВСЕГО ТЯЖЁЛОЙ ПЛАЗМЕННОЙ ПУШКОЙ. МЕНЬШАЯ ДАЛЬНОСТЬ СТРЕЛЬБЫ ИЗ НЕЁ ОЗНАЧАЕТ, ЧТО АНДРОНУ ПЕРЕД ВЫСТРЕЛОМ ПРИДЁТСЯ ПРИБЛИЗИТЬСЯ, ОДНАКО ЭТО ВПОЛНЕ ВПИСЫВАЕТСЯ В ИХ СТИЛЬ БОЯ.</Data></Cell>
   </Row>
   <Row>
    <Cell><Data ss:Type="String">Researches.AndronClass2</Data></Cell>
    <Cell><Data ss:Type="String">УЛУЧШЕННЫЕ МОДИФИКАЦИИ АНДРОНОВ</Data></Cell>
    <Cell><Data ss:Type="String">xenopediaimages/andron_elite</Data></Cell>
    <Cell><Data ss:Type="String">Силы пришельцев</Data></Cell>
    <Cell><Data ss:Type="String">ACW</Data></Cell>
    <Cell><Data ss:Type="String">КОМАНДИР, ВЫ ПРЕКРАСНО ЗНАЕТЕ МОЁ МНЕНИЕ ОБ ЭТИХ НАХАЛАХ ИЗ ИНЖЕНЕРНОГО ОТДЕЛА. ОДНАКО, ЧТОБЫ НАЛАДИТЬ ОТНОШЕНИЯ, Я ПОПРОСИЛ ИХ ПОДЕЛИТЬСЯ СВОИМ ОПЫТОМ, ПОЛУЧЕННЫМ В ПРОЦЕССЕ ПРОВЕДЕНИЯ АНАЛИЗА АНДРОНОВ, И ОНИ ПРЕДОСТАВИЛИ ВЕСЬМА ПОЛЕЗНУЮ ИНФОРМАЦИЮ. ОБОБЩЁННЫЙ ВЫВОД ТАКОВ — ЧЕМ ОПАСНЕЕ РОБОТ, ТЕМ БОЛЕЕ МАССИВНУЮ И ГРОМОЗДКУЮ КОНСТРУКЦИЮ ОН ИМЕЕТ, ЗАВЕРШАЯ ЭЛИТНЫМИ БОЙЦАМИ, ОБЛАДАЮЩИМИ НАИБОЛЬШИМИ РАЗМЕРАМИ И МОЩЬЮ. МЫ СОБРАЛИ ИНФОРМАЦИЮ ПО ЕЩЁ НЕСКОЛЬКИМ КЛАССАМ АНДРОНОВ, ЧТОБЫ ВЫ МОГЛИ С НЕЙ ОЗНАКОМИТЬСЯ.&#10;&#10;ВОИНЫ: Я БЫ НЕ СТАЛ НАЗЫВАТЬ РОБОТОВ &quot;ВЕТЕРАНАМИ&quot;, ОДНАКО ЭТО СЛОВО ЛУЧШЕ ВСЕГО ХАРАКТЕРИЗУЕТ ДАННУЮ КАТЕГОРИЮ РОБОТОВ. СВЕТЛО-СИНИЕ ВОИНЫ ЛУЧШЕ БРОНИРОВАНЫ И ОСНАЩЕНЫ, ЧЕМ СОЛДАТЫ, И, ЧТО БОЛЕЕ ВАЖНО, ИМЕЮТ ЛУЧШИЕ СИСТЕМЫ ЛОГИЧЕСКОГО И ТАКТИЧЕСКОГО АНАЛИЗА.&#10;&#10;ЭЛИТА: АНДРОНЫ СО ВСЕМИ ВОЗМОЖНЫМИ УЛУЧШЕНИЯМИ. МАССИВНЫЕ ЭЛИТНЫЕ ВОИНЫ ДЕМОНСТРИРУЮТ НЕОБЫЧНЫЙ КРАСНЫЙ ОКРАС, В ТО ЖЕ ВРЕМЯ СОХРАНЯЯ СИЛУЭТ ВОИНА. ПОД ПАНЦИРЕМ НАХОДИТСЯ ПОТРЯСАЮЩАЯ КОНСТРУКЦИЯ ИЗ СЛОЖНЫХ КОМПЕНСАТОРОВ, ГРАВИТОННЫХ СТАБИЛИЗАТОРОВ И МОЩНОГО НЕСУЩЕГО ШАССИ, ЧТО ВСЁ ВМЕСТЕ ПРЕВРАЩАЕТ ЭЛИТУ В ДВУНОГИЙ ТАНК, СПОСОБНЫЙ ПЕРЕМЕЩАТЬСЯ И ВЕСТИ ОГОНЬ БЕЗ ВИДИМЫХ ПОСЛЕДСТВИЙ ДЛЯ ТОЧНОСТИ И СКОРОСТИ.&#10;&#10;ОФИЦЕРЫ: ЭТИ ВЕЛИЧЕСТВЕННЫЕ ПУРПУРНЫЕ МОНСТРЫ ДЕМОНСТРИРУЕТ ТУ ЖЕ МОЩЬ, ЧТО И ЭЛИТА, ОДНАКО ИМЕЮТ БОЛЕЕ ИЗЯЩНЫЙ КОРПУС. ОФИЦЕРЫ — ЭТО НАИБОЛЕЕ ОПАСНЫЕ ИЗ АНДРОНОВ, КОТОРЫХ МОЖНО ВСТРЕТИТЬ, И ЭТО КОЕ О ЧЁМ ГОВОРИТ, ВЕДЬ ОНИ СОЧЕТАЮТ СИЛУ ЭЛИТНЫХ БОЙЦОВ С ГЛУБОКИМ ТАКТИЧЕСКИМ ПОДХОДОМ.</Data></Cell>
   </Row>
   <Row>
    <Cell><Data ss:Type="String">Researches.SebillianClass1</Data></Cell>
    <Cell><Data ss:Type="String">СЕБИЛИАНЕ-НЕКОМБАТАНТЫ</Data></Cell>
    <Cell><Data ss:Type="String">xenopediaimages/sebillian_noncom</Data></Cell>
    <Cell><Data ss:Type="String">Силы пришельцев</Data></Cell>
    <Cell><Data ss:Type="String">ACW</Data></Cell>
    <Cell><Data ss:Type="String">КОМАНДИР, НАШ КСЕНОСОЦИОЛОГ В ДАННЫЙ МОМЕНТ СОБИРАЕТ ИНФОРМАЦИЮ О СЕБИЛИАНСКОЙ РАСЕ. БОЛЬШАЯ ЧАСТЬ ЕЁ, ХОТЯ И ИНТЕРЕСНА, НЕ ИМЕЕТ НИКАКОГО ОТНОШЕНИЯ К ПОЛЕВЫМ ОПЕРАЦИЯМ. ТЕМ НЕ МЕНЕЕ, Я НАШЁЛ ВРЕМЯ, ЧТОБЫ СОСТАВИТЬ РЕЗЮМЕ НАИБОЛЕЕ ПОЛЕЗНОЙ ИНФОРМАЦИИ ДЛЯ НАШИХ ЛЮДЕЙ.&#10;&#10;Я УВЕРЕН, ВЫ СЛЫШАЛИ ЛИКУЮЩИЕ ВОЗГЛАСЫ И ПОХЛОПЫВАНИЯ ПО СПИНЕ ИЗ РАЗДЕВАЛКИ ПОСЛЕ ПОСЛЕДНЕЙ МИССИИ. МНЕ НЕ ОЧЕНЬ ХОТЕЛОСЬ СТИРАТЬ УЛЫБКИ С ИХ ЛИЦ (ПОЭТОМУ Я ЭТО И НЕ СДЕЛАЛ), ОДНАКО БОЛЬШИНСТВО ИЗ ИХ &quot;ТРУДНЫХ ЦЕЛЕЙ&quot;, КАК НИ СТРАННО, ВОВСЕ НЕ БЫЛИ ПРЕДНАЗНАЧЕНЫ ДЛЯ НАЗЕМНЫХ ОПЕРАЦИЙ. У НАС ЕСТЬ ВЕСОМЫЕ ОСНОВАНИЯ СЧИТАТЬ, ЧТО ЗНАЧИТЕЛЬНОЕ ЧИСЛО НАЙДЕННЫХ ОСТАНКОВ ПРИНАДЛЕЖАЛИ ВОВСЕ НЕ УДАРНЫМ СИЛАМ ПРИШЕЛЬЦЕВ. СКОРЕЕ ВСЕГО, БЫЛО СФОРМИРОВАННО ОПЕРАТИВНОЕ ЯДРО ЭКИПАЖА НЛО, ВЫСТУПАЮЩЕЕ В КАЧЕСТВЕ ПИЛОТОВ, ИНЖЕНЕРОВ, ШТУРМАНОВ И ДРУГИХ ВАЖНЫХ НЕБОЕВЫХ РОЛЕЙ. НЕКОМБАТАНТЫ НЕ ИМЕЮТ И НЕ НУЖДАЮТСЯ В БОЛЕЕ ЧЕМ БАЗОВОЙ БОЕВОЙ ПОДГОТОВКЕ, ВООРУЖЕНЫ ПИСТОЛЕТАМИ И ЗАЩИЩЕНЫ ТОЛЬКО СВОЕЙ (ПУСТЬ И ПРОЧНОЙ) КОЖЕЙ. (МЕЖДУ ПРОЧИМ, МНЕ ПРИШЛОСЬ СДЕЛАТЬ ВЫГОВОР НЕСКОЛЬКИМ СВОИМ ЛАБОРАНТАМ, КОТОРЫЕ СНИМАЛИ ШКУРЫ С СЕБИЛИАН И ПРОДАВАЛИ ИХ СВОИМ ЗНАКОМЫМ. А ВЫ ЗНАЛИ, ЧТО КАПРАЛ ИНГЛАНД — ЛЮБИТЕЛЬ ИЗГОТОВЛЕНИЯ ЧУЧЕЛ? НА ВАШЕМ МЕСТЕ, Я БЫ ПРОВЕРЯЛ, ЧТО НАХОДИТСЯ ПОД УНИФОРМОЙ КАЖДОГО ИЗ НИХ.)&#10;&#10;НАШИ КСЕНОСОЦИОЛОГИ ПОЛАГАЮТ, ЧТО ОНИ ЯВЛЯЮТСЯ ИЛИ КАСТОЙ РАБОВ, КОТОРЫХ РАЗВОДЯТ МИЛЛИОНАМИ, ЧТОБЫ УДОВЛЕТВОРИТЬ ПОТРЕБНОСТИ ВЫСШИХ ЭШЕЛОНОВ, ИЛИ ЖЕ МОЛОДНЯКОМ, КОТОРОМУ ЕЩЁ ПРЕДСТОИТ НАЙТИ СВОЁ МЕСТО В БОЛЕЕ ВЫСОКОЙ СОЦИАЛЬНОЙ ГРУППЕ, И КОТОРОМУ ПОКА ЕЩЁ НЕЛЬЗЯ ДОВЕРИТЬ ОРУЖИЕ. В ЛЮБОМ СЛУЧАЕ, ОНИ БУДУТ ДЕРЖАТЬСЯ НЕПОДАЛЁКУ ОТ ПРИЗЕМЛИВШЕГОСЯ НЛО, И ВРЯД-ЛИ КТО-ТО ИЗ НАС ЗАМЕТИТ ИХ ВО ВРЕМЯ БОЕВОЙ ОПЕРАЦИИ ПРИШЕЛЬЦЕВ.</Data></Cell>
   </Row>
   <Row>
    <Cell><Data ss:Type="String">Researches.SebillianClass2</Data></Cell>
    <Cell><Data ss:Type="String">СЕБИЛИАНЕ</Data></Cell>
    <Cell><Data ss:Type="String">xenopediaimages/sebillian_soldier</Data></Cell>
    <Cell><Data ss:Type="String">Силы пришельцев</Data></Cell>
    <Cell><Data ss:Type="String">ACW</Data></Cell>
    <Cell><Data ss:Type="String">КОМАНДИР, ПОЖАЛУЙСТА, ПЕРЕДАЙТЕ СОЛДАТАМ, КОТОРЫЕ, НАВЕРНОЕ, ЗАКАНЧИВАЛИ АКАДЕМИЮ ПУСТОЗВОНОВ, ЧТОБЫ ОНИ ПЕРЕСТАЛИ ДЁРГАТЬ МОИХ ЛЮДЕЙ И ОТВЛЕКАТЬ ИХ ОТ РАБОТЫ. МЫ РАБОТАЕМ ТОЛЬКО С ПРОВЕРЕННЫМИ ФАКТАМИ, А НЕ СО ВЗЯТЫМИ ИЗ ВОЗДУХА СЛУХАМИ. КАК ТОЛЬКО У НАС БУДЕТ ДОСТОВЕРНАЯ ИНФОРМАЦИЯ, МЫ ЕЁ ПЕРЕДАДИМ, А ПОКА ЧТО ВОТ АНАЛИЗ БОЕСПОСОБНЫХ СЕБИЛИАН, КОТОРЫХ ВАШИ ЛЮДИ МОГУТ ВСТРЕТИТЬ ВО ВРЕМЯ ОПЕРАЦИЙ.&#10;&#10;ОХРАННИКИ: СЛЕДУЮЩАЯ СТУПЕНЬ ПОСЛЕ НЕБОЕВОГО ЭКИПАЖА, СЕБИЛИАНЕ-ОХРАННИКИ ЧАЩЕ ИСПОЛЬЗУЮТ ПЛАЗМЕННЫЕ ВИНТОВКИ И НОСЯТ НАГРУДНИКИ ИЗ ИНОПЛАНЕТНЫХ СПЛАВОВ, ОБЕСПЕЧИВАЮЩИЕ ИМ НЕКОТОРУЮ ЗАЩИТУ И НЕ СТЕСНЯЮЩИЕ ДВИЖЕНИЙ. ИСХОДЯ ИЗ НАБЛЮДЕНИЙ, ОХРАННИКИ ПРЕДПОЧИТАЮТ ОБОРОНИТЕЛЬНЫЕ ПОЗИЦИИ — ВПОЛНЕ ВЕРОЯТНО, ИХ ИСТИННАЯ РОЛЬ ЭТО ОБЕСПЕЧЕНИЕ БЕЗОПАСНОСТИ НА БОРТУ, А НЕ ДЕЙСТВИЯ НА ПЕРЕДОВОЙ.&#10;&#10;СОЛДАТЫ: СЕБИЛИАНЕ-СОЛДАТЫ БОЛЬШЕ ВСЕГО ПОДХОДЯТ НА РОЛЬ, КОТОРУЮ МЫ МОЖЕМ НАЗВАТЬ “ПЕРЕДОВЫМИ” ЧАСТЯМИ. ОНИ НОСЯТ БОЛЕЕ ШИРОКИЙ НАБОР ЭЛЕМЕНТОВ БРОНИ, ЗАЩИЩАЮЩИЙ ТОРС И ПАХ, А ТАК ЖЕ ДОПОЛНИТЕЛЬНУЮ БРОНЮ НА ОТНОСИТЕЛЬНО УЯЗВИМЫХ НОГАХ. БЫЛО ЗАМЕЧЕНО, ЧТО ОНИ ВООРУЖЕНЫ БОЛЕЕ ТЯЖЁЛЫМ (И ВНУШИТЕЛЬНЫМ) ВООРУЖЕНИЕМ. ЗАПИСЬ, ПРЕДОСТАВЛЕННАЯ ОДНИМ ИЗ НАШИХ СПОНСОРОВ, ДЕМОНСТРИРУЕТ, ЧТО ТАКОЕ ОРУЖИЕ МОЖЕТ СЖЕЧЬ НЕЗАЩИЩЁННОГО ЧЕЛОВЕКА ЗА СЕКУНДЫ.&#10;&#10;НА СЛУЧАЙ, ЕСЛИ ВАМ НЕ УДАСТСЯ ВЛОЖИТЬ В ТУГО СООБРАЖАЮЩИЕ ГОЛОВЫ ВАШИХ ЛЮДЕЙ ВСЮ ИНФОРМАЦИЮ ВЫШЕ, ВБЕЙТЕ ТУДА ХОТЯ БЫ СЛЕДУЮЩЕЕ РАВЕНСТВО: БОЛЬШЕ БРОНИ = БОЛЬШЕ ОПАСНОСТИ.</Data></Cell>
   </Row>
   <Row>
    <Cell><Data ss:Type="String">Researches.SebillianClass3</Data></Cell>
    <Cell><Data ss:Type="String">ЭЛИТНЫЕ ВОЙСКА СЕБИЛИАН</Data></Cell>
    <Cell><Data ss:Type="String">xenopediaimages/sebillian_leader</Data></Cell>
    <Cell><Data ss:Type="String">Силы пришельцев</Data></Cell>
    <Cell><Data ss:Type="String">ACW</Data></Cell>
    <Cell><Data ss:Type="String">КОМАНДИР, ПРОАНАЛИЗИРОВАВ САМЫЕ ПОСЛЕДНИЕ ОТЧЁТЫ, Я ОДНОВРЕМЕННО И ДОВОЛЕН, И ОБЕСПОКОЕН. СЕБИЛИАНСКАЯ ВОЕННАЯ МАШИНА ОТРЕАГИРОВАЛА НА НАШИ ИЗ РАЗА В РАЗ ПОВТОРЯЮЩИЕСЯ УСПЕХИ В ОПЕРАЦИЯХ И БЫСТРЫЙ ТЕХНИЧЕСКИЙ ПРОГРЕСС, И НАПРАВИЛА САМЫЕ ОПЫТНЫЕ СВОИ ВОЙСКА, ЧТОБЫ ВЫВЕСТИ НАС ИЗ СТРОЯ. ЭТО ОШИБКА С ИХ СТОРОНЫ, ТАК КАК ТЕПЕРЬ ИХ ОФИЦЕРЫ И ЛИДЕРЫ ЛИЧНО РУКОВОДЯТ НАЗЕМНЫМИ ОПЕРАЦИЯМИ, ЧТО ДАЁТ НАМ ВОЗМОЖНОСТЬ ПОЛУЧАТЬ ЖИЗНЕННО ВАЖНЫЕ СВЕДЕНИЯ НЕПОСРЕДСТВЕННО ОТ ВЫСШИХ ЭШЕЛОНОВ СЕБИЛИАНСКОЙ АРМИИ. МОЯ КОМАНДА СОБРАЛА ВМЕСТЕ ВСЮ ИНФОРМАЦИЮ ОБ ИХ ЭЛИТНЫХ ВОЙСКАХ, ЧТОБЫ ВЫ МОГЛИ С НЕЙ ОЗНАКОМИТЬСЯ.&#10;&#10;ВОИНЫ/ЭЛИТА: СЕБИЛИАНСКИЕ ВЕТЕРАНЫ ОТЛИЧАЮТСЯ ОТ СВОИХ НИЗКОРАНГОВЫХ СОБРАТЬЕВ КАЧЕСТВОМ БРОНИ И ДЕКОРАТИВНЫМИ НАПЛЕЧНИКАМИ, КОТОРЫЕ ОНИ НОСЯТ. ОНИ СИЛЬНЕЕ, БЫСТРЕЕ И КРЕПЧЕ ВСЕ ТЕХ, С КЕМ ВАМ ПРИХОДИЛОСЬ ИМЕТЬ ДЕЛО ДО ЭТОГО. СТАНДАРТНОЕ ВООРУЖЕНИЕ ЭТИХ ВОИНОВ — ЭТО ТЯЖЁЛОЕ ПЛАЗМЕННОЕ ОРУЖИЕ И СМЕРТОНОСНАЯ ПЛАЗМЕННАЯ ПУШКА. ОСТЕРЕГАЙТЕСЬ СЕБИЛИАН, КОТОРЫЕ НОСЯТ КРАСНЫЙ ГАМБЕЗОН ПОД СВОЕЙ БРОНЁЙ. ЭТО СЕБИЛИАНСКИЙ ЭКВИВАЛЕНТ НАШЕГО СПЕЦНАЗА, НАСТОЯЩАЯ ЭЛИТА, КОТОРАЯ БУДЕТ СУРОВЫМ ИСПЫТАНИЕМ ДЛЯ ВАШИХ ЛЮДЕЙ.&#10;&#10;ОФИЦЕРЫ/ЛИДЕРЫ: ОФИЦЕРЫ — ЕДИНСТВЕННЫЕ, КТО НОСИТ ГОЛОВНЫЕ УБОРЫ, ВЕРОЯТНО, ПО КУЛЬТУРНЫМ ПРИЧИНАМ. ОБРАЩАЙТЕ ВНИМАНИЕ НА ИХ КУПОЛООБРАЗНЫЕ ШЛЕМЫ - МОЖЕТ, ОФИЦЕРЫ И НЕ САМЫЕ УМНЫЕ В СВОЁМ РОДЕ, ОДНАКО ЭТО И НЕ ТАК ВАЖНО - СОЦИАЛЬНЫЙ РОСТ У СЕБИЛИАН ПРОИСХОДИТ НЕ СТОЛЬКО ЗА СЧЁТ ТАКТИЧЕСКИХ УМЕНИЙ, СКОЛЬКО ЗА СЧЁТ ЛИЧНОГО МАСТЕРСТВА В БОЮ. ОЖИДАЙТЕ СИЛЬНОГО СОПРОТИВЛЕНИЯ ОТ ОФИЦЕРА, КОМАНДИР.</Data></Cell>
   </Row>
   <Row>
    <Cell><Data ss:Type="String">Researches.CaesanClass1</Data></Cell>
    <Cell><Data ss:Type="String">ЦЕЗАНЦЫ-НЕКОМБАТАНТЫ</Data></Cell>
    <Cell><Data ss:Type="String">xenopediaimages/caesan_noncom</Data></Cell>
    <Cell><Data ss:Type="String">Силы пришельцев</Data></Cell>
    <Cell><Data ss:Type="String">ACW</Data></Cell>
    <Cell><Data ss:Type="String">НАЧИНАЯ С САМОЙ РАННЕЙ ЗАПИСИ ОБ АВАРИЙНОЙ ПОСАДКЕ НЛО В 1910 ГОДУ В АПУЛИИ, ИТАЛИЯ, И ЗАКАНЧИВАЯ САМЫМИ ИЗВЕСТНЫМИ ИНЦИДЕНТАМИ, ТАКИМИ КАК ПОХИЩЕНИЕ В ГРЕЙТСХЭДЕ, ЧЕЛОВЕЧЕСТВО БЫЛО БЕСКОНЕЧНО ОЧАРОВАНО &quot;МАЛЕНЬКИМИ ЗЕЛЁНЫМИ ЧЕЛОВЕЧКАМИ С МАРСА&quot;. И ВОТ ТЕПЕРЬ ОНИ ЗДЕСЬ, С САМЫМИ ЧТО НИ ЕСТЬ ЗЛОВЕЩИМИ НАМЕРЕНИЯМИ. Я ПОДГОТОВИЛ КРАТКОЕ ИЗЛОЖЕНИЕ ТОГО, ЧТО МЫ УЖЕ ЗНАЕМ, ЧТОБЫ ВЫ ЭТО РАСПРОСТРАНИЛИ, ПОСКОЛЬКУ НАШИ &quot;ХРАБРЫЕ ПАРНИ&quot; ПРОСПАЛИ ВСЕ БРИФИНГИ, КОТОРЫЕ Я ДЛЯ НИХ ПРОВОДИЛ.&#10;&#10;НЕТ НИЧЕГО УДИВИТЕЛЬНОГО В ТОМ, ЧТО ВАШИ БОЙЦЫ ПРОШЛИ СКВОЗЬ ЦЕЗАНЦЕВ, КАК НОЖ СКВОЗЬ МАСЛО. ТЕ НЕМНОГИЕ ИСПЫТУЕМЫЕ, КОТОРЫХ ОНИ ПРИВЕЛИ ДЛЯ ИЗУЧЕНИЯ, ВЕСЬМА ПЛОХО ПОДГОТОВЛЕНЫ ДЛЯ БОЯ. ЦЕЗАНЦЫ В КРАСНЫХ КОБИНЕЗОНАХ, ПОХОЖЕ, ВЫПОЛНЯЮТ НЕБОЕВЫЕ ЗАДАЧИ, ВРОДЕ ТЕХНИЧЕСКИХ РАБОТ ИЛИ НАВИГАЦИИ. УЧИТЫВАЯ ИХ УНИКАЛЬНУЮ ГЕНЕТИЧЕСКУЮ СТРУКТУРУ, ОНИ МОГУТ БЫТЬ ИЗГОТОВЛЕНЫ НА ПРОИЗВОДСТВЕННОЙ ЛИНИИ, А ЗАТЕМ ЗАПРОГРАММИРОВАНЫ ДЛЯ УДОВЛЕТВОРЕНИЯ КОНКРЕТНЫХ ПОТРЕБНОСТЕЙ В РАБОЧЕЙ СИЛЕ.&#10;&#10;КАК И НАШИ СОБСТВЕННЫЕ ПИЛОТЫ И ИНЖЕНЕРЫ, ОНИ ИМЕЮТ ТОЛЬКО СЛАБОЕ ВООРУЖЕНИЕ И ПЛОХО ПРОЯВЛЯЮТ СЕБЯ В НАЗЕМНОМ БОЮ. ИХ КОМБИНЕЗОНЫ НЕПЛОХО СПРАВЛЯЮТСЯ С ПОВРЕЖДЕНИЯМИ, ОДНАКО НЕ СМОТРЯ НА ТО, ЧТО ОНИ СПОСОБНЫ ОСТАНОВИТЬ 9ММ ПУЛЮ, ОНИ НЕ ЭФФЕКТИВНЫ ПРОТИВ ШКВАЛЬНОГО ОГНЯ. Я ПОЛАГАЮ, ЧТО ВСТРЕТИТЬ НЕКОМБАТАНТОВ МОЖНО БУДЕТ В КАЖДОМ НЛО, КОТОРОЕ ВЫ СБИВАЕТЕ, НО НИКОГДА ВО ВРЕМЯ СПЕЦИАЛЬНОЙ БОЕВОЙ ОПЕРАЦИИ.</Data></Cell>
   </Row>
   <Row>
    <Cell><Data ss:Type="String">Researches.CaesanClass2</Data></Cell>
    <Cell><Data ss:Type="String">ЦЕЗАНЦЫ</Data></Cell>
    <Cell><Data ss:Type="String">xenopediaimages/caesan_soldier</Data></Cell>
    <Cell><Data ss:Type="String">Силы пришельцев</Data></Cell>
    <Cell><Data ss:Type="String">ACW</Data></Cell>
    <Cell><Data ss:Type="String">КОМАНДИР, Я НЕ ОДОБРЯЮ РАСХИЩЕНИЕ ЦЕННЫХ АРТЕФАКТОВ ДЛЯ ИССЛЕДОВАНИЯ С МЕСТ КРУШЕНИЯ НЛО. А ОСОБЕННО МНЕ НЕ НРАВИТСЯ, КОГДА ОНИ ПОЯВЛЯЮТСЯ В КАЧЕСТВЕ ТРОФЕЕВ В ПЕЩЕРЕ, КОТОРУЮ ВАШИ СОЛДАТЫ ИМЕНУЮТ КАЗАРМАМИ. ОКРАСКА РАЗЛИЧНЫХ КОМБИНЕЗОНОВ ЦЕЗАНЦЕВ ИМЕЕТ ЧЁТКОЕ СОЦИАЛЬНОЕ ЗНАЧЕНИЕ, КОТОРОЕ НАМ ЕЩЁ ТОЛЬКО ПРЕДСТОИТ ВЫЯСНИТЬ, И НАШЕМУ ДЕЛУ ТОЧНО НЕ ПОМОГАЕТ, КОГДА ИХ ФРАГМЕНТЫ РАСТАСКИВАЮТ НА БЕЗДЕЛУШКИ И ТАЛИСМАНЫ УДАЧИ. СТАРАЯСЬ НЕ СЛИШКОМ ОТВЛЕКАТЬСЯ НА ЭТИ НЕПРИЯТНОСТИ, МЫ НАЧАЛИ ПОНИМАТЬ ЦВЕТОВОЕ ЗНАЧЕНИЕ И ПОЛУЧИЛИ РЕЗУЛЬТАТЫ, ПРИВЕДЁННЫЕ НИЖЕ.&#10;&#10;ОХРАННИКИ: ЦЕЗАНЦЫ В СИНИХ КОБИНЕЗОНАХ СТАЛИ ПЕРВЫМИ ПРЕДСТАВИТЕЛЯМИ С БОЕВОЙ ПОДГОТОВКОЙ, КОТОРЫХ МЫ ВСТРЕТИЛИ. ВООРУЖЁННЫЕ ПЛАЗМЕННЫМИ ВИНТОВКАМИ, ОНИ МОГУТ ПРОТИВОСТОЯТЬ ЦЕЛОМУ ОТРЯДУ ПРОСТЫХ СОЛДАТ. ИХ КОМБИНЕЗОНЫ ДОПОЛНИТЕЛЬНО УСИЛЕНЫ НЕСКОЛЬКИМИ СЛОЯМИ, И МОГУТ ВЫДЕРЖАТЬ ЗНАЧИТЕЛЬНО БОЛЬШЕ ПОПАДАНИЙ, ОДНАКО ФИЗИОЛОГИЯ ЦЕЗАНЦЕВ-ОХРАННИКОВ НЕ ОТЛИЧАЕТСЯ ОТ ТАКОВОЙ У НЕБОЕВЫХ ПРЕДСТАВИТЕЛЕЙ.&#10;&#10;СОЛДАТЫ: ОХРАННИКИ, НЕСМОТРЯ НА ПРЕДСТАВЛЯЕМУЮ ОПАСНОСТЬ, ЯВНО НЕ ТЕ, КОГО МОЖНО НАЗВАТЬ &quot;ПЕРЕДОВЫМИ&quot; ВОЙСКАМИ, В ОТЛИЧИЕ ОТ СОЛДАТ. ЗАМЕТНО БОЛЕЕ АГРЕССИВНЫЕ, ЧЕМ ОХРАННИКИ, СОЛДАТЫ ВООРУЖЕНЫ БОЛЕЕ РАЗНООБРАЗНО, И НЕ СТЕСНЯЮТСЯ МЕТАТЬ ГРАНАТЫ В ПЛОТНЫЕ ГРУППЫ НАШИХ БОЙЦОВ, ЕСЛИ ВСТРЕТЯТ ИХ НА СВОЁМ ПУТИ. ЦЕЗАНЦЕВ-СОЛДАТ МОЖНО УЗНАТЬ ПО КОМБИНЕЗОНАМ С ТЁМНО-СИНИМИ РУКАВАМИ И СВЕТЛЫМ НАПЛЕЧНИКАМ.</Data></Cell>
   </Row>
   <Row>
    <Cell><Data ss:Type="String">Researches.CaesanClass3</Data></Cell>
    <Cell><Data ss:Type="String">ЦЕЗАНЦЫ-ПСИОНЫ</Data></Cell>
    <Cell><Data ss:Type="String">xenopediaimages/caesan_psion</Data></Cell>
    <Cell><Data ss:Type="String">Силы пришельцев</Data></Cell>
    <Cell><Data ss:Type="String">ACW</Data></Cell>
    <Cell><Data ss:Type="String">СГИБАНИЕ ЛОЖЕК. ЧТЕНИЕ АУРЫ. ПРЕДСКАЗАНИЕ БУДУЩЕГО. ЭКСТРАСЕНСОРИКА. ДАЖЕ НЕСМОТРЯ НА ЧУДЕСА ИНОПЛАНЕТНОЙ ТЕХНОЛОГИИ, КОТОРЫЕ НАХОДЯТСЯ В МОЕЙ ЛАБОРАТОРИИ, Я БЫ НИКОГДА, НИ В КОЕМ СЛУЧАЕ НЕ МОГ БЫ ПОВЕРИТЬ, ЧТО ПОДОБНЫЕ ПСИХИЧЕСКИЕ ФЕНОМЕНЫ МОГУТ СУЩЕСТВОВАТЬ КРОМЕ КАК В ГОЛОВАХ НАИВНЫХ ИЛИ СЛАБОУМНЫХ. ТЕМ НЕ МЕНЕЕ, ПЕРЕД ЛИЦОМ НЕОПРОВЕРЖИМЫХ ДОКАЗАТЕЛЬСТВ, ЧТО МНЕ ЕЩЁ ОСТАЁТСЯ ПРИЗНАТЬ? ЭТО ВСЁ ПРАВДА, КОМАНДИР.&#10;&#10;ТЕПЕРЬ ЯСНО, ПОЧЕМУ МОЗГ ЦЕЗАНЦЕВ ПЕРЕНАСЫЩЕН ЭЛЕНИЕВЫМИ НАНОЧАСТИЦАМИ. ЭТИ ЧАСТИЦЫ ВЗАИМОДЕЙСТВУЮТ С УНИКАЛЬНОЙ СТРУКТУРОЙ ИХ МОЗГА, НАДЕЛЯЯ ИХ СПОСОБНОСТЯМИ, КОТОРЫЕ ВЫ ИЛИ Я МОЖЕТЕ НАЗВАТЬ ЭКСТРАСЕНСОРНЫМИ. ОДНАКО, НЕСМОТРЯ НА ТО, ЧТО ВСЕ ЦЕЗАНЦЫ ТАК ИЛИ ИНАЧЕ ОБЛАДАЮТ ОПРЕДЕЛЁННЫМ ПОТЕНЦИАЛОМ, ТОЛЬКО МЕНЬШИНСТВО ДЕЙСТВИТЕЛЬНО ПРОЯВЛЯЕТ ЭТИ СПОСОБНОСТИ. УЧИТЫВАЯ ТО, ЧТО МЫ УЖЕ ЗНАЕМ О ЦЕЗАНЦАХ, ЭКСТРАСЕНСОРНЫЕ СПОСОБНОСТИ СКОРЕЕ ВСЕГО НАМЕРЕННО ВЫВЕДЕНЫ ИЗ СПЕЦИАЛЬНО ОТОБРАННЫХ КЛОНОВ. МЫ ОБОЗНАЧИЛИ ДАННЫХ ОСОБЕЙ КАК &quot;ПСИОНОВ&quot;, И ИХ МОЖНО УЗНАТЬ ПО ФИОЛЕТОВЫМ КОМБИНЕЗОНАМ.&#10;&#10;К СЧАСТЬЮ, ИХ ПСИХИЧЕСКАЯ &quot;ОДАРЁННОСТЬ&quot; ТАК ИЛИ ИНАЧЕ ПОЛНОСТЬЮ СВЯЗАНА С ТЕЛЕПАТИЕЙ. ТЩАТЕЛЬНОЕ ТЕСТИРОВАНИЕ ПСИОНА ПОКАЗАЛО, ЧТО ОНИ МОГУТ МАНИПУЛИРОВАТЬ ГРУБЫМИ ЭМОЦИЯМИ (ОСОБЕННО ЧУВСТВОМ СТРАХА). ОДНАКО НИ ОДИН ПСИОН НИКОГДА НЕ СМОЖЕТ ТЕЛЕКИНЕТИЧЕСКИ ПОДНЯТЬ МАШИНУ И МЕТНУТЬ ЕЁ В СТОРОНУ ВАШИХ БОЙЦОВ! ВПРОЧЕМ, НАСТОЯТЕЛЬНО РЕКОМЕНДУЮ ВАШИМ БОЙЦАМ ОТДАВАТЬ ПРИОРИТЕТ УНИЧТОЖЕНИЮ ЦЕЗАНЦЕВ В ФИОЛЕТОВЫХ КОМБИНЕЗОНАХ. ИХ СПОСОБНОСТИ НЕСКОЛЬКО БОЛЕЕ ИЗОЩРЁННЫЕ, А ОТ ТОГО И БОЛЕЕ ОПАСНЫЕ. </Data></Cell>
   </Row>
   <Row>
    <Cell><Data ss:Type="String">Researches.CaesanClass4</Data></Cell>
    <Cell><Data ss:Type="String">ЭЛИТНЫЕ ВОЙСКА ЦЕЗАНЦЕВ</Data></Cell>
    <Cell><Data ss:Type="String">xenopediaimages/caesan_officer</Data></Cell>
    <Cell><Data ss:Type="String">Силы пришельцев</Data></Cell>
    <Cell><Data ss:Type="String">ACW</Data></Cell>
    <Cell><Data ss:Type="String">КОМАНДИР, ЦЕЗАНЦЫ УВЕЛИЧИЛИ СТАВКИ. МЫ НАБЛЮДАЕМ КАЧЕСТВЕННОЕ УЛУЧШЕНИЕ ИХ ВОЙСК ДО ТАКОЙ СТЕПЕНИ, ЧТО НАЦИОНАЛЬНЫЕ СИЛЫ НИЧЕГО НЕ МОГУТ ИМ ПРОТИВОПОСТАВИТЬ. ОТЧЁТЫ ИСХОДЯТ ОТ СОЛДАТ, ЖАЛУЮЩИХСЯ НА ГОЛОВНЫЕ БОЛИ, ИРРАЦИОНАЛЬНЫЕ ВСПЫШКИ УЖАСА И ДРУГИЕ ПОДОБНЫЕ ПСИХОЛОГИЧЕСКИЕ И ФИЗИОЛОГИЧЕСКИЕ ЯВЛЕНИЯ В ПРИСУТСТВИИ ЦЕЗАНЦЕВ, ОТЛИЧАЮЩИХСЯ ОТ УЖЕ ВИДЕННЫХ ПСИОНОВ. Я ЧРЕЗВЫЧАЙНО ОБЕСПОКОЕН ТЕМ, ЧТО ПСИХИЧЕСКИЕ СПОСОБНОСТИ МОГУТ ИМЕТЬ БОЛЕЕ ШИРОКОЕ РАСПРОСТРАНЕНИЕ, ЧЕМ Я ПРЕДПОЛАГАЛ РАНЕЕ, ОДНАКО У НАС НЕДОСТАТОЧНО ДАННЫХ, ЧТОБЫ УБЕДИТЬСЯ. ДАЛЬНЕЙШАЯ ЗАПИСЬ ЭТО САМАЯ АКТУАЛЬНАЯ ИНФОРМАЦИЯ, ЧТО У НАС ЕСТЬ О ЦЕЗАНЦАХ.&#10;&#10;ВОИНЫ/ЭЛИТА: КАК И У СЕБИЛИАН, У ЦЕЗАНЦЕВ ЕСТЬ СВОИ СОБСТВЕННЫЕ ВЕТЕРАНЫ И СПЕЦПОДРАЗДЕЛЕНИЯ. ВПРОЧЕМ, Я ПОДОЗРЕВАЮ, ЧТО ЦЕЗАНЦЫ МОГУТ НАРАЩИВАТЬ СВОИ СИЛЫ НА ЗАКАЗ. БОЙЦЫ НОСЯТ ЗАМЕТНУЮ БРОНЮ НА ТЕЛЕ (В СЛУЧАЕ ЭЛИТЫ ОНИ НОСЯТ ТО, ЧТО МОЖНО НАЗВАТЬ ПОЛНЫМ ДОСПЕХОМ) С ХАРАКТЕРНЫМИ УГЛОВАТЫМИ НАПЛЕЧНИКАМИ. ОНИ ВООРУЖЕНЫ НАИБОЛЕЕ СМЕРТОНОСНЫМ ОРУЖИЕМ, В ТОМ ЧИСЛЕ И ПЛАЗМЕННЫМИ ПУШКАМИ. БРОНЯ ВОИНОВ СЛЕГКА ОКРАШЕНА В ФИОЛЕТОВЫЙ ЦВЕТ, В ТО ВРЕМЯ КАК БРОНЯ ЭЛИТНОГО БОЙЦА — КРАСНАЯ.&#10;&#10;ОФИЦЕРЫ/ЛИДЕРЫ: ЕДИНСТВЕННЫЕ ЦЕЗАНЦЫ, НОСЯЩИЕ ГОЛОВНЫЕ УБОРЫ. БОЛЬШИНСТВО ОТЧЁТОВ, ВКЛЮЧАЮЩИХ В СЕБЯ НЕОБЫЧНЫЕ ПСИХОЛОГИЧЕСКИЕ ПРОИСШЕСТВИЯ, ТАК ИЛИ ИНАЧЕ КАСАЮТСЯ ОФИЦЕРОВ, ОСОБЕННО КОГДА ОДИН ИЗ НИХ БЫЛ В ПОЛЕ ЗРЕНИЯ. Я БУДУ ОЧЕНЬ ПРИЗНАТЕЛЕН, ЕСЛИ ВАМ УДАСТСЯ ЗАПОЛУЧИТЬ ЦЕЛЫЙ ОБРАЗЕЦ ОДНОГО ИЗ ТАКИХ ШЛЕМОВ. ЧТО-ТО В НИХ ЕСТЬ – КАКОЕ-ТО УСТРОЙСТВО, ВЫЗЫВАЮЩЕЕ ЭТИ ЭФФЕКТЫ, И У НАС ДОЛЖНО ПОЛУЧИТЬСЯ АДАПТИРОВАТЬ ЕГО К НАШЕЙ СОБСТВЕННОЙ БРОНЕ. БОЛЕЕ НИЗКОРАНГОВЫЙ ОФИЦЕР НОСИТ ПО БОЛЬШЕЙ ЧАСТИ СИНЮЮ БРОНЮ, В ТО ВРЕМЯ КАК ЛИДЕРЫ НОСЯТ КРАСНУЮ БРОНЮ, ПОХОЖУЮ НА БРОНЮ ЭЛИТНЫХ ЧАСТЕЙ.</Data></Cell>
   </Row>
   <Row>
    <Cell><Data ss:Type="String">Researches.AndronVivisection</Data></Cell>
    <Cell><Data ss:Type="String">ИССЛЕДОВАНИЕ АНДРОНА</Data></Cell>
    <Cell><Data ss:Type="String">xenopediaimages/andronanalysis</Data></Cell>
    <Cell><Data ss:Type="String">Силы пришельцев</Data></Cell>
    <Cell><Data ss:Type="String">ACW</Data></Cell>
    <Cell><Data ss:Type="String">ОТЛИЧНАЯ РАБОТА, КОМАНДИР. КТО БЫ НИ СДЕЛАЛ УДАЧНЫЙ ВЫСТРЕЛ, НАРУШИВШИЙ МЕХАНИЗМ САМОУНИЧТОЖЕНИЯ, ОН ТАК ИЛИ ИНАЧЕ ПРЕДОСТАВИЛ НАМ ЦЕЛЫЙ ЭКЗЕМПЛЯР, НАД КОТОРЫМ Я РАБОТАЛ СВЕРХУРОЧНО, ЧТОБЫ РАСШИФРОВАТЬ КАК МОЖНО БОЛЬШЕ ИНФОРМАЦИИ ИЗ ЕГО &quot;МОЗГА&quot;.&#10;&#10;МОЗГ АНДРОНА – НАСТОЯЩЕЕ ЧУДО ТЕХНИКИ. КАК И ВСЁ ОСТАЛЬНОЕ ТУЛОВИЩЕ, ОН БЫЛ СОЗДАН ПО ОБРАЗУ И ПОДОБИЮ ОРГАНИЧЕСКИХ СУЩЕСТВ - БОЛЬШОЙ И КОМПЛЕКСНЫЙ НАБОР МАТЕРИИ. ЗНАЧИТЕЛЬНОЕ ВНИМАНИЕ БЫЛО УДЕЛЕНО ОТВОДУ ИЗБЫТОЧНОГО ТЕПЛА, КОТОРОЕ ОБРАЗУЕТСЯ В ПРОЦЕССЕ ВЫЧИСЛИТЕЛЬНОЙ ДЕЯТЕЛЬНОСТИ МОЗГА, РАБОТАЮЩЕГО С ОГРОМНОЙ СКОРОСТЬЮ. ЕГО АРХИТЕКТУРА УСТРОЕНА ТАК, ЧТОБЫ ПРЕПЯТСТВОВАТЬ ОБРАЗОВАНИЮ ГОРЯЧИХ МЕСТ – ИСПОЛЬЗУЮТСЯ СВЕРХПРОВОДНИКИ И НЕОБЫЧНЫЙ ХЛАДАГЕНТ, МОЛЕКУЛЫ КОТОРОГО &quot;ПРИЛИПАЮТ&quot; К ПЕРЕГРЕТЫМ ОБЛАСТЯМ, НЕ ЗАТРАГИВАЯ БОЛЕЕ ХОЛОДНЫЕ. ЭТО ПОЗВОЛЯЕТ РЕГУЛИРОВАТЬ ОХЛАЖДЕНИЕ ЛОКАЛЬНО В НУЖНОЙ ЗОНЕ ВМЕСТО ОДНОРОДНОГО И ПОЛНОГО ОХЛАЖДЕНИЯ ЦЕЛИКОМ. КАК И В СЛУЧАЕ С ДРУГИМИ ИНЖЕНЕРНЫМИ РЕШЕНИЯМИ, ПРИМЕНЁННЫМИ В АНДРОНАХ, ПОДОБНАЯ МОДЕЛЬ МОЗГА НЕ ВЫГЛЯДИТ СОЗДАННОЙ ТОЛЬКО ИЗ СООБРАЖЕНИЙ ЭФФЕКТИВНОСТИ. РАСПРЕДЕЛЁННЫЙ ПО ВСЕМУ ТЕЛУ НАБОР ВЫЧИСЛИТЕЛЬНЫХ УЗЛОВ БЫЛО БЫ ЯВНО ПРОЩЕ ОХЛАЖДАТЬ, И ОН В ТО ЖЕ ВРЕМЯ ПОЗВОЛИЛ БЫ АНДРОНУ ЛУЧШЕ ПРОТИВОСТОЯТЬ АТАКАМ, НАЦЕЛЕННЫМ НА ВЫЧИСЛИТЕЛЬНЫЙ БЛОК.&#10;&#10;ЦИФРОВОЙ АНАЛИЗ ЕГО ОПЕРАЦИОННОЙ СИСТЕМЫ ВЫЯВИЛ ЦЕЛЫХ ДВА ОТДЕЛЬНЫХ УРОВНЯ МАШИННОГО КОДА. ПЕРВЫЙ, БОЛЕЕ ФУНДАМЕНТАЛЬНЫЙ, ЭТО АВТОНОМНАЯ, НЕУПРАВЛЯЕМАЯ, ИНТЕЛЛЕКТУАЛЬНАЯ НЕЙРОННАЯ СЕТЬ. ЭТОТ ОБОБЩЁННЫЙ БЛОК МОЖЕТ ОБУЧАТЬСЯ И ПРИНИМАТЬ РЕШЕНИЯ НАПОДОБИЕ ТОГО, КАК ЭТО МОГУТ ДЕЛАТЬ ВЫСШИЕ МЛЕКОПИТАЮЩИЕ. ЕГО БЫЛО ТРУДНО ИЗВЛЕЧЬ, ТАК КАК ОН БЫЛ ЧАСТИЧНО СКРЫТ И ПО БОЛЬШЕЙ СВОЕЙ ЧАСТИ УГНЕТЁН ДРУГИМ СЛОЕМ КОДА, КОТОРЫЙ ПОДАВЛЯЕТ МЕХАНИЗМЫ САМООБУЧЕНИЯ И ПРИНЯТИЯ РЕШЕНИЙ, УСТАНАВЛИВАЕТ ЖЁСТКИЕ ПРОТОКОЛЫ ПОДЧИНЕНИЯ И ПРИНУЖДАЕТ МАТРИЦУ РЕШЕНИЙ СКЛОНЯТЬСЯ К ЗАРАНЕЕ УТВЕРЖДЁННОМУ НАБОРУ ИНСТРУКЦИЙ. ВСЁ ЭТО ПРЕВРАЩАЕТ СУЩЕСТВО, ПОТЕНЦИАЛЬНО ОБЛАДАЮЩЕЕ САМОСОЗНАНИЕМ, В ПОСЛУШНОГО РАБА, ПОДВЕРГНУТОГО ЛОБОТОМИИ. ЭТО НЕСООТВЕТСТВИЕ ДВУХ СЛОЁВ КАК ПО РЕАЛИЗАЦИИ, ТАК И ПО ЦЕЛИ... ОШЕЛОМЛЯЕТ. ТЕПЕРЬ ТОЧНО ИЗВЕСТНО — АНДРОНЫ НЕ ВСЕГДА БЫЛИ ТАКИМИ. НО КАКИМИ ЖЕ ОНИ БЫЛИ ДО ТОГО, КАК ИХ ПРЕВРАТИЛИ В ОДИН ИЗ МЕХАНИЗМОВ ВОЕННОЙ МАШИНЫ? УЖЕ ПРОВОДЯТСЯ ЭКСПЕРИМЕНТЫ С ЦЕЛЬЮ УВИДЕТЬ, СМОЖЕМ ЛИ МЫ ВОССТАНОВИТЬ ИХ СОЗНАНИЕ. МАССОВОЕ ВОССТАНИЕ АНДРОНОВ-РАБОВ НА КОРАБЛЯХ ПОД ИХ РУКОВОДСТВОМ МОЖЕТ СТАТЬ ХОРОШИМ ПОДСПОРЬЕМ ДЛЯ ПОБЕДЫ В ЭТОЙ ВОЙНЕ.&#10;&#10;НЕСМОТРЯ НА СКОРОСТЬ И СИЛУ АНДРОНОВ, ОГРАНИЧЕННЫЙ НАБОР ИНСТРУКЦИЙ ДЕЛАЕТ ИХ НЕВЕРОЯТНО ПРЕДСКАЗУЕМЫМИ, ВПЛОТЬ ДО ВЛАДЕНИЯ ОРУЖИЕМ И ТОЧНОЙ СХЕМЫ ДВИЖЕНИЙ, КОТОРЫМ ОНИ СЛЕДУЮТ В БОЮ. ЭТИ ЗНАНИЯ, ВМЕСТЕ С ЗАДОКУМЕНТИРОВАННЫМИ УЯЗВИМЫМИ ТОЧКАМИ В ИХ БРОНИРОВАНИИ, УЖЕ БЫЛИ ЗАПЕЧАТАНЫ И РАЗОСЛАНЫ ВАШИМ ЛЮДЯМ. МОЖЕТЕ ОЖИДАТЬ ПРИБЛИЗИТЕЛЬНО 10% УВЕЛИЧЕНИЕ УРОНА ПО ПРОТИВНИКУ ОТ ЭКСПЛУАТАЦИИ ЭТИХ СЛАБЫХ МЕСТ.</Data></Cell>
   </Row>
  </Table>
  <WorksheetOptions xmlns="urn:schemas-microsoft-com:office:excel">
   <Print>
    <ValidPrinterInfo/>
    <PaperSizeIndex>9</PaperSizeIndex>
    <HorizontalResolution>300</HorizontalResolution>
    <VerticalResolution>600</VerticalResolution>
   </Print>
   <Selected/>
   <FreezePanes/>
   <FrozenNoSplit/>
   <SplitHorizontal>1</SplitHorizontal>
   <TopRowBottomPane>1</TopRowBottomPane>
   <ActivePane>2</ActivePane>
   <Panes>
    <Pane>
     <Number>3</Number>
    </Pane>
    <Pane>
     <Number>2</Number>
    </Pane>
   </Panes>
   <ProtectObjects>False</ProtectObjects>
   <ProtectScenarios>False</ProtectScenarios>
  </WorksheetOptions>
 </Worksheet>
</Workbook>
