﻿<?xml version="1.0"?>
<?mso-application progid="Excel.Sheet"?>
<Workbook xmlns="urn:schemas-microsoft-com:office:spreadsheet"
 xmlns:o="urn:schemas-microsoft-com:office:office"
 xmlns:x="urn:schemas-microsoft-com:office:excel"
 xmlns:ss="urn:schemas-microsoft-com:office:spreadsheet"
 xmlns:html="http://www.w3.org/TR/REC-html40">
 <DocumentProperties xmlns="urn:schemas-microsoft-com:office:office">
  <Author>Пользователь</Author>
  <LastAuthor>Владимир Щербаков</LastAuthor>
  <Created>2024-10-02T22:18:34Z</Created>
  <LastSaved>2024-10-02T22:20:24Z</LastSaved>
  <Version>16.00</Version>
 </DocumentProperties>
 <OfficeDocumentSettings xmlns="urn:schemas-microsoft-com:office:office">
  <DownloadComponents/>
  <LocationOfComponents HRef="/"/>
 </OfficeDocumentSettings>
 <ExcelWorkbook xmlns="urn:schemas-microsoft-com:office:excel">
  <WindowHeight>6315</WindowHeight>
  <WindowWidth>13425</WindowWidth>
  <WindowTopX>0</WindowTopX>
  <WindowTopY>0</WindowTopY>
  <TabRatio>214</TabRatio>
  <DisplayDrawingObjects>PlaceHolders</DisplayDrawingObjects>
  <RefModeR1C1/>
  <ProtectStructure>False</ProtectStructure>
  <ProtectWindows>False</ProtectWindows>
 </ExcelWorkbook>
 <Styles>
  <Style ss:ID="Default" ss:Name="Normal">
   <Alignment ss:Vertical="Bottom"/>
   <Borders/>
   <Interior/>
   <NumberFormat/>
   <Protection/>
  </Style>
  <Style ss:ID="s62" ss:Name="Normal 2">
   <Font ss:FontName="Calibri" x:Family="Swiss" ss:Size="11" ss:Color="#000000"/>
   <Interior/>
  </Style>
 </Styles>
 <Worksheet ss:Name="strings">
  <Names>
   <NamedRange ss:Name="_FilterDatabase" ss:RefersTo="=strings!R1C1:R26C10"
    ss:Hidden="1"/>
  </Names>
  <Table ss:ExpandedColumnCount="2" ss:ExpandedRowCount="4" x:FullColumns="1"
   x:FullRows="1" ss:DefaultRowHeight="15">
   <Column ss:AutoFitWidth="0" ss:Width="246"/>
   <Column ss:AutoFitWidth="0" ss:Width="844.5"/>
   <Row ss:AutoFitHeight="0">
    <Cell><Data ss:Type="String">Abandon</Data><NamedCell ss:Name="_FilterDatabase"/></Cell>
    <Cell><Data ss:Type="String">Прервать задание</Data><NamedCell
      ss:Name="_FilterDatabase"/></Cell>
   </Row>
   <Row ss:AutoFitHeight="0">
    <Cell ss:StyleID="s62"><Data ss:Type="String">VV.ALENIUMROCKET</Data><NamedCell
      ss:Name="_FilterDatabase"/></Cell>
    <Cell ss:StyleID="s62"><Data ss:Type="String">Элениевая ракета</Data><NamedCell
      ss:Name="_FilterDatabase"/></Cell>
   </Row>
   <Row ss:AutoFitHeight="0">
    <Cell ss:StyleID="s62"><Data ss:Type="String">VV.PLASMAROCKET</Data><NamedCell
      ss:Name="_FilterDatabase"/></Cell>
    <Cell ss:StyleID="s62"><Data ss:Type="String">Плазменная ракета</Data><NamedCell
      ss:Name="_FilterDatabase"/></Cell>
   </Row>
   <Row ss:AutoFitHeight="0">
    <Cell ss:StyleID="s62"><Data ss:Type="String">VV.FUSIONROCKET</Data><NamedCell
      ss:Name="_FilterDatabase"/></Cell>
    <Cell ss:StyleID="s62"><Data ss:Type="String">Термоядерная ракета</Data><NamedCell
      ss:Name="_FilterDatabase"/></Cell>
   </Row>
  </Table>
  <WorksheetOptions xmlns="urn:schemas-microsoft-com:office:excel">
   <Unsynced/>
   <Print>
    <ValidPrinterInfo/>
    <HorizontalResolution>300</HorizontalResolution>
    <VerticalResolution>300</VerticalResolution>
   </Print>
   <Selected/>
   <Panes>
    <Pane>
     <Number>3</Number>
     <ActiveRow>6</ActiveRow>
    </Pane>
   </Panes>
   <ProtectObjects>False</ProtectObjects>
   <ProtectScenarios>False</ProtectScenarios>
  </WorksheetOptions>
  <AutoFilter x:Range="R1C1:R26C10"
   xmlns="urn:schemas-microsoft-com:office:excel">
  </AutoFilter>
 </Worksheet>
</Workbook>
