<?xml version="1.0"?>
<?mso-application progid="Excel.Sheet"?>
<Workbook xmlns="urn:schemas-microsoft-com:office:spreadsheet"
 xmlns:o="urn:schemas-microsoft-com:office:office"
 xmlns:x="urn:schemas-microsoft-com:office:excel"
 xmlns:ss="urn:schemas-microsoft-com:office:spreadsheet"
 xmlns:html="http://www.w3.org/TR/REC-html40">
 <DocumentProperties xmlns="urn:schemas-microsoft-com:office:office">
  <Author>Пользователь</Author>
  <LastAuthor>Владимир Щербаков</LastAuthor>
  <Created>2024-09-30T16:41:13Z</Created>
  <LastSaved>2024-09-30T19:19:01Z</LastSaved>
  <Version>16.00</Version>
 </DocumentProperties>
 <ExcelWorkbook xmlns="urn:schemas-microsoft-com:office:excel">
  <WindowHeight>6315</WindowHeight>
  <WindowWidth>13425</WindowWidth>
  <WindowTopX>0</WindowTopX>
  <WindowTopY>0</WindowTopY>
  <TabRatio>214</TabRatio>
  <DisplayDrawingObjects>PlaceHolders</DisplayDrawingObjects>
  <RefModeR1C1/>
  <ProtectStructure>False</ProtectStructure>
  <ProtectWindows>False</ProtectWindows>
 </ExcelWorkbook>
 <Styles>
  <Style ss:ID="Default" ss:Name="Normal">
   <Alignment ss:Vertical="Bottom"/>
   <Borders/>
   <Interior/>
   <NumberFormat/>
   <Protection/>
  </Style>
  <Style ss:ID="s62" ss:Name="Normal 2 9">
   <Alignment ss:Vertical="Bottom"/>
   <Borders/>
   <Font ss:FontName="Arial" x:Family="Swiss"/>
   <Interior/>
   <NumberFormat/>
   <Protection/>
  </Style>
  <Style ss:ID="s64" ss:Parent="s62">
   <Alignment ss:Vertical="Center"/>
   <Font ss:FontName="Arial" x:Family="Swiss"/>
   <Interior/>
  </Style>
  <Style ss:ID="s65">
   <Interior ss:Color="#F2F2F2" ss:Pattern="Solid"/>
  </Style>
  <Style ss:ID="s66">
   <Alignment ss:Horizontal="Left" ss:Vertical="Bottom" ss:WrapText="1"/>
   <Font ss:FontName="Arial" x:Family="Swiss"/>
   <Interior ss:Color="#92D050" ss:Pattern="Solid"/>
  </Style>
 </Styles>
 <Worksheet ss:Name="strings">
  <Names>
   <NamedRange ss:Name="_FilterDatabase" ss:RefersTo="=strings!R1C1:R1C10"
    ss:Hidden="1"/>
  </Names>
  <Table ss:ExpandedColumnCount="2" ss:ExpandedRowCount="16" x:FullColumns="1"
   x:FullRows="1" ss:DefaultRowHeight="15">
   <Column ss:AutoFitWidth="0" ss:Width="246"/>
   <Column ss:AutoFitWidth="0" ss:Width="844.5"/>
   <Row ss:AutoFitHeight="0">
    <Cell><Data ss:Type="String">Abandon</Data><NamedCell ss:Name="_FilterDatabase"/></Cell>
    <Cell><Data ss:Type="String">Прервать</Data><NamedCell
      ss:Name="_FilterDatabase"/></Cell>
   </Row>
   <Row ss:AutoFitHeight="0">
    <Cell><Data ss:Type="String">airplane.alien.assaultlander</Data></Cell>
    <Cell><Data ss:Type="String">Штурмовик</Data></Cell>
   </Row>
   <Row ss:AutoFitHeight="0">
    <Cell><Data ss:Type="String">airplane.alien.dreadnought</Data></Cell>
    <Cell><Data ss:Type="String">Дредноут</Data></Cell>
   </Row>
   <Row ss:AutoFitHeight="0">
    <Cell ss:StyleID="s64"><Data ss:Type="String">Researches.AlienAssaultLanderDatacore</Data></Cell>
    <Cell><Data ss:Type="String">Инфоблок Штурмовика</Data></Cell>
   </Row>
   <Row ss:AutoFitHeight="0">
    <Cell ss:StyleID="s64"><Data ss:Type="String">Researches.AlienDreadnoughtDatacore</Data></Cell>
    <Cell><Data ss:Type="String">Инфоблок Дредноута</Data></Cell>
   </Row>
   <Row ss:AutoFitHeight="0">
    <Cell><Data ss:Type="String">Researches.AlienCapitalShips</Data><NamedCell
      ss:Name="_FilterDatabase"/></Cell>
    <Cell><Data ss:Type="String">Расшифровка инфоблока линейного корабля</Data><NamedCell
      ss:Name="_FilterDatabase"/></Cell>
   </Row>
   <Row ss:AutoFitHeight="0">
    <Cell><Data ss:Type="String">Researches.AlienCapitalShipsDesc</Data><NamedCell
      ss:Name="_FilterDatabase"/></Cell>
    <Cell><Data ss:Type="String">Инфоблок, который мы извлекли с линейного корабля пришельцев, тщательно зашифрован. Моей команде потребуется время, чтобы полностью расшифровать его содержимое.</Data><NamedCell
      ss:Name="_FilterDatabase"/></Cell>
   </Row>
   <Row ss:AutoFitHeight="0">
    <Cell><Data ss:Type="String">AV.SINGULARITYTORP</Data></Cell>
    <Cell><Data ss:Type="String">Сингулярная тяжёлая ракета</Data></Cell>
   </Row>
   <Row ss:AutoFitHeight="0">
    <Cell><Data ss:Type="String">ManTech.SingularityTorpedo</Data></Cell>
    <Cell><Data ss:Type="String">Сингулярная тяжёлая ракета</Data></Cell>
   </Row>
   <Row ss:AutoFitHeight="0">
    <Cell ss:StyleID="s65"><Data ss:Type="String">ManTech.SingularityTorpedo</Data></Cell>
    <Cell><Data ss:Type="String">Сингулярная тяжёлая ракета</Data></Cell>
   </Row>
   <Row ss:AutoFitHeight="0">
    <Cell><Data ss:Type="String">Items.AlienAssaultLanderDatacore</Data></Cell>
    <Cell><Data ss:Type="String">Инфоблок Штурмовика</Data></Cell>
   </Row>
   <Row ss:AutoFitHeight="0">
    <Cell><Data ss:Type="String">Items.AlienDreadnought</Data></Cell>
    <Cell><Data ss:Type="String">Инфоблок Дредноута</Data></Cell>
   </Row>
   <Row ss:AutoFitHeight="0">
    <Cell ss:StyleID="s66"><Data ss:Type="String">Researches.SingularityTorpedo</Data></Cell>
    <Cell><Data ss:Type="String">Сингулярная тяжёлая ракета</Data></Cell>
   </Row>
   <Row ss:AutoFitHeight="0">
    <Cell><Data ss:Type="String">AV.DESTROYERSHIELD</Data></Cell>
    <Cell><Data ss:Type="String">Противоракетный щит Штурмовика</Data></Cell>
   </Row>
   <Row ss:AutoFitHeight="0">
    <Cell><Data ss:Type="String">AV.DESTROYERBEAM</Data></Cell>
    <Cell><Data ss:Type="String">Лучевые башни Штурмовика</Data></Cell>
   </Row>
   <Row ss:AutoFitHeight="0">
    <Cell><Data ss:Type="String">AV.DESTROYERMISSILES</Data></Cell>
    <Cell><Data ss:Type="String">Ракетные установки Штурмовика</Data></Cell>
   </Row>
   <Row ss:AutoFitHeight="0">
    <Cell><Data ss:Type="String">AV.DREADNOUGHTSHIELD</Data></Cell>
    <Cell><Data ss:Type="String">Противоракетный щит Дредноута</Data></Cell>
   </Row>
   <Row ss:AutoFitHeight="0">
    <Cell><Data ss:Type="String">AV.DREADNOUGHTBEAM</Data></Cell>
    <Cell><Data ss:Type="String">Лучевые башни Дредноута</Data></Cell>
   </Row>
   <Row ss:AutoFitHeight="0">
    <Cell><Data ss:Type="String">AV.DREADNOUGHTCANNON</Data></Cell>
    <Cell><Data ss:Type="String">Суперплазменная пушка Дредноута</Data></Cell>
   </Row>
  </Table>
  <WorksheetOptions xmlns="urn:schemas-microsoft-com:office:excel">
   <Unsynced/>
   <Print>
    <ValidPrinterInfo/>
    <HorizontalResolution>300</HorizontalResolution>
    <VerticalResolution>300</VerticalResolution>
   </Print>
   <Selected/>
   <Panes>
    <Pane>
     <Number>3</Number>
     <ActiveRow>6</ActiveRow>
     <RangeSelection>R7C1:R7C2</RangeSelection>
    </Pane>
   </Panes>
   <ProtectObjects>False</ProtectObjects>
   <ProtectScenarios>False</ProtectScenarios>
  </WorksheetOptions>
  <AutoFilter x:Range="R1C1:R1C10"
   xmlns="urn:schemas-microsoft-com:office:excel">
  </AutoFilter>
 </Worksheet>
</Workbook>
