<?xml version="1.0"?>
<?mso-application progid="Excel.Sheet"?>
<Workbook xmlns="urn:schemas-microsoft-com:office:spreadsheet"
 xmlns:o="urn:schemas-microsoft-com:office:office"
 xmlns:x="urn:schemas-microsoft-com:office:excel"
 xmlns:ss="urn:schemas-microsoft-com:office:spreadsheet"
 xmlns:html="http://www.w3.org/TR/REC-html40">
 <DocumentProperties xmlns="urn:schemas-microsoft-com:office:office">
  <Author>Пользователь</Author>
  <LastAuthor>Владимир Щербаков</LastAuthor>
  <Created>2024-10-01T13:38:08Z</Created>
  <LastSaved>2024-10-01T22:49:11Z</LastSaved>
  <Version>16.00</Version>
 </DocumentProperties>
 <OfficeDocumentSettings xmlns="urn:schemas-microsoft-com:office:office">
  <AllowPNG/>
 </OfficeDocumentSettings>
 <ExcelWorkbook xmlns="urn:schemas-microsoft-com:office:excel">
  <WindowHeight>5145</WindowHeight>
  <WindowWidth>14355</WindowWidth>
  <WindowTopX>7320</WindowTopX>
  <WindowTopY>3135</WindowTopY>
  <TabRatio>221</TabRatio>
  <RefModeR1C1/>
  <ProtectStructure>False</ProtectStructure>
  <ProtectWindows>False</ProtectWindows>
 </ExcelWorkbook>
 <Styles>
  <Style ss:ID="Default" ss:Name="Normal">
   <Alignment ss:Vertical="Bottom"/>
   <Borders/>
   <Font ss:FontName="Arial" x:Family="Swiss"/>
   <Interior/>
   <NumberFormat/>
   <Protection/>
  </Style>
  <Style ss:ID="s62" ss:Name="Normal 2">
   <Alignment ss:Vertical="Bottom"/>
   <Borders/>
   <Font ss:FontName="Arial" x:Family="Swiss"/>
   <Interior/>
   <NumberFormat/>
   <Protection/>
  </Style>
  <Style ss:ID="s63">
   <Alignment ss:Horizontal="Center" ss:Vertical="Bottom"/>
  </Style>
  <Style ss:ID="s64">
   <Alignment ss:Horizontal="Left" ss:Vertical="Bottom"/>
  </Style>
  <Style ss:ID="s67">
   <Borders>
    <Border ss:Position="Bottom" ss:LineStyle="Continuous" ss:Weight="1"/>
    <Border ss:Position="Left" ss:LineStyle="Continuous" ss:Weight="1"/>
    <Border ss:Position="Right" ss:LineStyle="Continuous" ss:Weight="1"/>
    <Border ss:Position="Top" ss:LineStyle="Continuous" ss:Weight="1"/>
   </Borders>
  </Style>
  <Style ss:ID="s68">
   <Alignment ss:Horizontal="Center" ss:Vertical="Center"/>
   <Borders>
    <Border ss:Position="Bottom" ss:LineStyle="Continuous" ss:Weight="1"/>
    <Border ss:Position="Left" ss:LineStyle="Continuous" ss:Weight="1"/>
    <Border ss:Position="Right" ss:LineStyle="Continuous" ss:Weight="1"/>
    <Border ss:Position="Top" ss:LineStyle="Continuous" ss:Weight="1"/>
   </Borders>
   <Interior ss:Color="#969696" ss:Pattern="Solid"/>
  </Style>
  <Style ss:ID="s69">
   <Alignment ss:Horizontal="Left" ss:Vertical="Center"/>
   <Borders>
    <Border ss:Position="Bottom" ss:LineStyle="Continuous" ss:Weight="1"/>
    <Border ss:Position="Left" ss:LineStyle="Continuous" ss:Weight="1"/>
    <Border ss:Position="Right" ss:LineStyle="Continuous" ss:Weight="1"/>
    <Border ss:Position="Top" ss:LineStyle="Continuous" ss:Weight="1"/>
   </Borders>
   <Interior ss:Color="#969696" ss:Pattern="Solid"/>
  </Style>
  <Style ss:ID="s70">
   <Alignment ss:Horizontal="Left" ss:Vertical="Bottom" ss:WrapText="1"/>
   <Font ss:FontName="Arial" x:Family="Swiss"/>
   <Interior ss:Color="#92D050" ss:Pattern="Solid"/>
  </Style>
  <Style ss:ID="s71">
   <Font ss:FontName="Arial" x:Family="Swiss"/>
  </Style>
  <Style ss:ID="s75" ss:Parent="s62">
   <Alignment ss:Vertical="Center"/>
   <Font ss:FontName="Arial" x:Family="Swiss"/>
   <Interior ss:Color="#92D050" ss:Pattern="Solid"/>
  </Style>
  <Style ss:ID="s76">
   <Font ss:FontName="Arial" x:Family="Swiss"/>
   <Interior ss:Color="#92D050" ss:Pattern="Solid"/>
  </Style>
  <Style ss:ID="s77">
   <Alignment ss:Horizontal="Center" ss:Vertical="Bottom"/>
   <Font ss:FontName="Arial" x:Family="Swiss"/>
   <Interior ss:Color="#92D050" ss:Pattern="Solid"/>
  </Style>
  <Style ss:ID="s78">
   <Alignment ss:Horizontal="Center" ss:Vertical="Bottom"/>
   <Interior ss:Color="#92D050" ss:Pattern="Solid"/>
  </Style>
  <Style ss:ID="s79">
   <Alignment ss:Horizontal="Left" ss:Vertical="Bottom" ss:WrapText="1"/>
  </Style>
 </Styles>
 <Names>
  <NamedRange ss:Name="Categories" ss:RefersTo="=Sheet1!#REF!"/>
 </Names>
 <Worksheet ss:Name="Sheet1">
  <Table ss:ExpandedColumnCount="7" ss:ExpandedRowCount="10" x:FullColumns="1"
   x:FullRows="1">
   <Column ss:AutoFitWidth="0" ss:Width="232.5" ss:Span="1"/>
   <Column ss:Index="3" ss:AutoFitWidth="0" ss:Width="188.25"/>
   <Column ss:StyleID="s63" ss:AutoFitWidth="0" ss:Width="130.5"/>
   <Column ss:StyleID="s63" ss:AutoFitWidth="0" ss:Width="80.25"/>
   <Column ss:StyleID="s64" ss:AutoFitWidth="0" ss:Width="1067.25"/>
   <Column ss:AutoFitWidth="0" ss:Width="537"/>
   <Row ss:StyleID="s67">
    <Cell ss:StyleID="s68"><Data ss:Type="String">Name</Data></Cell>
    <Cell ss:StyleID="s68"><Data ss:Type="String">DisplayName</Data></Cell>
    <Cell ss:StyleID="s68"><Data ss:Type="String">Image</Data></Cell>
    <Cell ss:StyleID="s68"><Data ss:Type="String">Category</Data></Cell>
    <Cell ss:StyleID="s68"><Data ss:Type="String">Interface</Data></Cell>
    <Cell ss:StyleID="s69"><Data ss:Type="String">Description</Data></Cell>
   </Row>
   <Row ss:AutoFitHeight="0" ss:Height="191.25">
    <Cell ss:StyleID="s70"><Data ss:Type="String">Researches.AlienSingularityCore</Data></Cell>
    <Cell ss:StyleID="s70"><Data ss:Type="String">Сингулярный реактор пришельцев</Data></Cell>
    <Cell ss:StyleID="s70"><Data ss:Type="String">xenopediaimages/aliensingularitycore</Data></Cell>
    <Cell ss:StyleID="s70"><Data ss:Type="String">ТЕХНОЛОГИИ ПРИШЕЛЬЦЕВ</Data></Cell>
    <Cell ss:StyleID="s70"><Data ss:Type="String">NULL</Data></Cell>
    <Cell ss:StyleID="s70"><Data ss:Type="String">MODMERGEREPLACE:ЕСТЬ ТОЛЬКО ОДНА СЛОЖНОСТЬ – ПОСКОЛЬКУ НАМ, ОЧЕВИДНО, НЕ УДАСТСЯ ВЫЗВАТЬ СИНГУЛЯРНОСТЬ СВОИМИ СИЛАМИ, НАМ НУЖНО ЗАХВАТЫВАТЬ ЭТИ УСТРОЙСТВА У ПРИШЕЛЬЦЕВ, ЧТОБЫ ВОСПОЛЬЗОВАТЬСЯ ИМИ. MODMERGEWITH:ЕСЛИ БЫ МЫ МОГЛИ ПОЛУЧИТЬ СИНГУЛЯРНОСТЬ СВОМИ СИЛАМИ, ЧЕЛОВЕЧЕСТВО ОБЛАДАЛО БЫ НЕОГРАНИЧЕННЫМ ИСТОЧНИКОМ ЭНЕРГИИ НА ПРОТЯЖЕНИИ ВСЕГО СВОЕГО СУЩЕСТВОВАНИЯ.</Data></Cell>
   </Row>
   <Row ss:AutoFitHeight="0" ss:Height="178.5">
    <Cell ss:StyleID="s70"><Data ss:Type="String">airplane.human.fury</Data></Cell>
    <Cell ss:StyleID="s70"><Data ss:Type="String">X-120 Фурия</Data></Cell>
    <Cell ss:StyleID="s70"><Data ss:Type="String">xenopediaimages/fury</Data></Cell>
    <Cell ss:StyleID="s70"><Data ss:Type="String">АВИАЦИЯ КСЕНОНАВТОВ</Data></Cell>
    <Cell ss:StyleID="s70"><Data ss:Type="String">AC</Data></Cell>
    <Cell ss:StyleID="s70"><Data ss:Type="String">С РОСТОМ МАСШТАБОВ ИНОПЛАНЕТНОГО ВТОРЖЕНИЯ РАЗМЕРЫ ИХ КОРАБЛЕЙ ЗНАЧИТЕЛЬНО УВЕЛИЧИЛИСЬ. НАШИ САМОЛЁТЫ И ВООРУЖЕНИЕ ПОКА ЕЩЁ ПО-ПРЕЖНЕМУ ЭФФЕКТИВНЫ, НО ДАЖЕ У МЕНЯ ВОЗНИКАЮТ СЕРЬЁЗНЫЕ ТРУДНОСТИ ИЗ-ЗА ПОСЛЕДНИХ ОБРАЗЦОВ КОРАБЛЕЙ ПРИШЕЛЬЦЕВ, С КОТОРЫМИ МЫ НАЧИНАЕМ СТАЛКИВАТЬСЯ.&#10;&#10;В СВЯЗИ С ЭТИМ, Я РАЗРАБОТАЛ ПЕРЕХВАТЧИК X-120 &quot;ФУРИЯ&quot;, КОТОРЫЙ СТАНЕТ ИДЕАЛЬНЫМ СРЕДСТВОМ ДЛЯ ЗАВОЕВАНИЯ ПРЕВОСХОДСТВА В НЕБЕ. В ЕГО ОСНОВЕ ЛЕЖИТ ВПЕЧАТЛЯЮЩИЙ СЕКРЕТНЫЙ ПРОЕКТ САМОЛЁТА SR-71 &quot;ЧЁРНЫЙ ДРОЗД&quot;, КОТОРЫЙ Я МОДИФИЦИРОВАЛ, ОПИРАЯСЬ НА УДАЧНУЮ КОНСТРУКЦИЮ "КОРСАРА", ИСПОЛЬЗУЯ ИНОПЛАНЕТНЫЕ СПЛАВЫ ДЛЯ КАРКАСА И ТЕХНОЛОГИЮ НА ОСНОВЕ ЭЛЕНИЯ ДЛЯ РАБОТЫ ДВИГАТЕЛЕЙ. ОДНАКО КЛЮЧЕВЫМ НОВОВВЕДЕНИЕМ ЯВЛЯЕТСЯ ТО, ЧТО САМОЛЁТОМ МОЖНО УПРАВЛЯТЬ ДИСТАНЦИОННО С ПОМОЩЬЮ ЗАХВАЧЕННОГО КОМПЬЮТЕРНОГО ОБОРУДОВАНИЯ ПРИШЕЛЬЦЕВ. ЭТО ПОЗВОЛИЛО ИЗБАВИТЬСЯ ОТ КАБИНЫ ПИЛОТА, ЗНАЧИТЕЛЬНО УМЕНЬШИТЬ ВЕС И УПРОСТИТЬ КОНСТРУКЦИЮ, ЧТО ДАЛО ВОЗМОЖНОСТЬ ОСУЩЕСТВЛЯТЬ ПОЛЁТЫ НА БЕСПРЕЦЕДЕНТНЫХ ВЫСОТАХ И СКОРОСТЯХ. ЕГО СКОРОСТЬ СОСТАВЛЯЕТ ДО 8 МАХОВ (ОКОЛО 10000 КМ/Ч), ЧТО ПОЗВОЛЯЕТ ДОСТИЧЬ ЛЮБОЙ ТОЧКИ МИРА ЗА ПАРУ ЧАСОВ.&#10;&#10;ИЗ-ЗА СВОЕЙ ВПЕЧАТЛЯЮЩЕЙ СКОРОСТИ И МАКСИМАЛЬНОЙ ВЫСОТЫ ПОЛЁТА ПЕРЕХВАТЧИК X-120 &quot;ФУРИЯ&quot; ПРАКТИЧЕСКИ НЕУЯЗВИМ. ТЕМ НЕ МЕНЕЕ, ПОСКОЛЬКУ ЭТОТ САМОЛЁТ УПРАВЛЯЕТСЯ ДИСТАНЦИОННО, ОН НЕ ПОДХОДИТ ДЛЯ ТРАДИЦИОННОГО ПЕРЕХВАТА. НЕСМОТРЯ НА ПРИМЕНЕНИЕ ИНОПЛАНЕТНЫХ ТЕХНОЛОГИЙ, ЕГО МАНЁВРЕННОСТИ НЕДОСТАТОЧНО ДЛЯ ВЕДЕНИЯ ВОЗДУШНОГО БОЯ НА БЛИЖНЕМ РАССТОЯНИИ, И В ТАКОМ ПРОТИВОСТОЯНИИ У НЕГО ПРОСТО НЕ БЫЛО БЫ ШАНСОВ НА ПОБЕДУ. ВМЕСТО ЭТОГО ПЕРЕХВАТЧИК &quot;ФУРИЯ&quot; СПРОЕКТИРОВАН КАК СВЕРХСКОРОСТНОЙ ШТУРМОВИК, КОТОРЫЙ ЗАПУСКАЕТ СИНГУЛЯРНУЮ ТЯЖЁЛУЮ РАКЕТУ С БЕЗОПАСНОГО РАССТОЯНИЯ, А ЗАТЕМ ВОЗВРАЩАЕТСЯ НА БАЗУ ДЛЯ ПЕРЕВООРУЖЕНИЯ И ДОЗАПРАВКИ.</Data></Cell>
   </Row>
   <Row ss:AutoFitHeight="0" ss:Height="140.25">
    <Cell ss:StyleID="s70"><Data ss:Type="String">Researches.SingularityTorpedo</Data></Cell>
    <Cell ss:StyleID="s70"><Data ss:Type="String">Сингулярная тяжёлая ракета</Data></Cell>
    <Cell ss:StyleID="s70"><Data ss:Type="String">xenopediaimages/gravitypulsetorpedo</Data></Cell>
    <Cell ss:StyleID="s70"><Data ss:Type="String">ОРУЖИЕ ДЛЯ АВИАЦИИ КСЕНОНАВТОВ</Data></Cell>
    <Cell ss:StyleID="s70"><Data ss:Type="String">ACW</Data></Cell>
    <Cell ss:StyleID="s70"><Data ss:Type="String">ОППЕНГЕЙМЕР МОЖЕТ ПОКОИТЬСЯ С МИРОМ, ИБО БЛАГОДАРЯ СВОЕМУ ТАЛАНТУ Я ИЗОБРЁЛ ОРУЖИЕ, ОБЛАДАЮЩЕЕ ТАКОЙ РАЗРУШИТЕЛЬНОЙ СИЛОЙ, ЧТО НИЧТО ИЗ ВСЕХ ИЗОБРЕТЕНИЙ ЧЕЛОВЕЧЕСТВА НЕ МОЖЕТ СРАВНИТЬСЯ С НИМ.&#10;&#10;ЭТО ОРУЖИЕ - СИНГУЛЯРНАЯ ТЯЖЁЛАЯ РАКЕТА. ОНА ИСПУСКАЕТ КОРОТКИЙ, НО РАЗРУШИТЕЛЬНЫЙ ИМПУЛЬС КОЛЕБЛЮЩИХСЯ ГРАВИТАЦИОННЫХ ПОЛЕЙ, КОТОРЫЕ РАЗРЫВАЮТ НА ЧАСТИ ВСЁ, ЧТО НАХОДИТСЯ В ПРЕДЕЛАХ ЕГО ДЕЙСТВИЯ, НА МОЛЕКУЛЯРНОМ УРОВНЕ. НИЧТО НЕ МОЖЕТ ПРОТИВОСТОЯТЬ ЭТОМУ: В МОИХ ТЕСТАХ ДАЖЕ САМЫЙ ТВЁРДЫЙ АЛМАЗ И САМЫЕ ПРОЧНЫЕ ИНОПЛАНЕТНЫЕ МАТЕРИАЛЫ РАСПАДАЛИСЬ МГНОВЕННО.&#10;&#10;ТАКИМ ОБРАЗОМ, СИНГУЛЯРНАЯ ТЯЖЁЛАЯ РАКЕТА СПОСОБНА ПОЛНОСТЬЮ УНИЧТОЖИТЬ ЛЮБЫЕ КОРАБЛИ ПРИШЕЛЬЦЕВ,  НА КОТОРЫЕ ОНА БУДЕТ НАЦЕЛЕНА. УСТАНОВЛЕННАЯ НА УСОВЕРШЕНСТВОВАННУЮ ЭЛЕНИЕВУЮ ТЯЖЁЛУЮ РАКЕТУ, БОМБА МОЖЕТ БЫТЬ ЗАПУЩЕНА С БОЛЬШОГО РАССТОЯНИЯ И ВЗОРВАНА ДИСТАНЦИОННО, КОГДА ДОСТИГНЕТ СВОЕЙ ЦЕЛИ. ВЫБРАННАЯ МНОЙ КОНСТРУКЦИЯ ИМЕЕТ РАДИУС ДЕЙСТВИЯ ОКОЛО 5 КМ, И ТОЛЬКО ИСКЛЮЧИТЕЛЬНАЯ СКОРОСТЬ X-120 &quot;ФУРИЯ&quot; ПОЗВОЛЯЕТ АКТИВИРОВАТЬ ЭТО ОРУЖИЕ, ИЗБЕГАЯ РАЗРУШИТЕЛЬНЫХ ДЛЯ СЕБЯ ПОСЛЕДСТВИЙ. ХОТЯ МОЖНО БЫЛО БЫ РАЗРАБОТАТЬ БОЛЕЕ МОЩНЫЕ ВЕРСИИ, ЭТО, БЕЗ СОМНЕНИЯ, ВЫЗВАЛО БЫ СОПУТСТВУЮЩИЙ УЩЕРБ, КОТОРЫЙ ОКАЗАЛСЯ БЫ НЕПРИЕМЛЕМЫМ ДЛЯ ПРАВИТЕЛЬСТВ МИРОВОГО СООБЩЕСТВА.&#10;&#10;КЛЮЧЕВЫМ КОМПОНЕНТОМ ГРАВИТАЦИОННОЙ БОМБЫ ЯВЛЯЕТСЯ ТЕХНОЛОГИЯ, ЗАИМСТВОВАННАЯ У АНТИГРАВИТАЦИОННОГО ГЕНЕРАТОРА ПРИШЕЛЬЦЕВ. НЕСМОТРЯ НА МОИ ВЫДАЮЩИЕСЯ СПОСОБНОСТИ, МНЕ НЕ УДАЛОСЬ ВОСПРОИЗВЕСТИ ЭТУ ТЕХНОЛОГИЮ, ПОЭТОМУ МЫ БУДЕМ ВЫНУЖДЕНЫ ПОЛАГАТЬСЯ НА ЗАХВАТ АНТИГРАВИТАЦИОННЫХ ГЕНЕРАТОРОВ С БОЛЕЕ КРУПНЫХ КОРАБЛЕЙ ПРИШЕЛЬЦЕВ, ЕСЛИ МЫ ХОТИМ МАССОВО ИСПОЛЬЗОВАТЬ ЭТО ОРУЖИЕ. ФАКТИЧЕСКИ, ЛИШЬ ТОЛЬКО ЭТО ОГРАНИЧЕНИЕ МЕШАЕТ НАМ ЗАМЕНИТЬ ВСЁ НАШЕ ВООРУЖЕНИЕ ЭТИМИ УСТРОЙСТВАМИ; ЕСЛИ БЫ ТОЛЬКО Я МОГ ВОССОЗДАТЬ АНТИГРАВИТАЦИОННУЮ ТЕХНОЛОГИЮ, МЫ МОГЛИ БЫ ВЫИГРАТЬ ЭТУ ВОЙНУ ЗА СЧИТАННЫЕ ДНИ.&#10;</Data></Cell>
   </Row>
   <Row ss:AutoFitHeight="0" ss:Height="153" ss:StyleID="s71">
    <Cell ss:StyleID="s75"><Data ss:Type="String">airplane.alien.assaultlander</Data></Cell>
    <Cell ss:StyleID="s76"><Data ss:Type="String">Штурмовик</Data></Cell>
    <Cell ss:StyleID="s76"><Data ss:Type="String">xenopediaimages/UFOassaultlander</Data></Cell>
    <Cell ss:StyleID="s77"><Data ss:Type="String">ЛЕТАТЕЛЬНЫЕ АППАРАТЫ ПРИШЕЛЬЦЕВ</Data></Cell>
    <Cell ss:StyleID="s78"><Data ss:Type="String">UFO</Data></Cell>
    <Cell ss:StyleID="s70"><Data ss:Type="String">ШТУРМОВИК ПРИШЕЛЬЦЕВ ПРЕДСТАВЛЯЕТ СОБОЙ УСОВЕРШЕНСТВОВАННУЮ ВЕРСИЮ ТРАДИЦИОННОГО ДЕСАНТНОГО КОРАБЛЯ. В ОТЛИЧИЕ ОТ ЭТОГО МЕДЛЕННОГО И ГРОМОЗДКОГО ТРАНСПОРТНОГО СРЕДСТВА, ОН ОТЛИЧАЕТСЯ ЭЛЕГАНТНОСТЬЮ, ВЫСОКОЙ СКОРОСТЬЮ И МОЩНЫМ ВООРУЖЕНИЕМ. ОДНАКО, КАК И В СЛУЧАЕ С БОМБАРДИРОВЩИКОМ ПРИШЕЛЬЦЕВ, БОЕПРИПАСЫ КОРАБЛЯ МОГУТ СДЕТОНИРОВАТЬ, ЕСЛИ СУДНО ПОЛУЧИТ СЕРЬЁЗНЫЕ ПОВРЕЖДЕНИЯ, ЧТО ПРИВЕДЁТ К ЕГО ПОЛНОМУ УНИЧТОЖЕНИЮ, НЕ ОСТАВЛЯЯ ЧЛЕНАМ ЭКИПАЖА ПРАКТИЧЕСКИ НИКАКИХ ШАНСОВ НА СПАСЕНИЕ.&#10;&#10;ВООРУЖЕНИЕ ВКЛЮЧАЕТ ДВЕ ПУСКОВЫЕ УСТАНОВКИ ДЛЯ ВЫСОКОСКОРОСТНЫХ РАКЕТ, РАСПОЛОЖЕННЫЕ НА КОНЦАХ ПЕРЕДНЕЙ ЧАСТИ. ЭТИ РАКЕТЫ, ПО-ВИДИМОМУ, ОБЛАДАЮТ ИСКЛЮЧИТЕЛЬНО ВЫСОКОЙ ТОЧНОСТЬЮ САМОНАВЕДЕНИЯ НА ЦЕЛЬ, ПОЭТОМУ ИСПОЛЬЗОВАТЬ МАНЁВРЫ УКЛОНЕНИЯ БУДЕТ ПРАКТИЧЕСКИ БЕССМЫСЛЕННО. ОНИ СПОСОБНЫ ОЧЕНЬ БЫСТРО УНИЧТОЖИТЬ ЛЮБЫЕ ПЕРЕХВАТЧИКИ, КОТОРЫЕ ПОПЫТАЮТСЯ ВСТУПИТЬ В БЛИЖНИЙ БОЙ С ЭТИМ КОРАБЛЁМ. КРОМЕ ТОГО, СИСТЕМА ВООРУЖЕНИЯ ОСНАЩЕНА НЕБОЛЬШИМ ЛАЗЕРОМ, ПРЕДНАЗНАЧЕННЫМ ДЛЯ ПЕРЕХВАТА РАКЕТ ПРОТИВНИКА, ВЫПУЩЕННЫХ ПО КОРАБЛЮ, ПОЭТОМУ АТАКИ С БОЛЬШОГО РАССТОЯНИЯ БУДУТ НЕЭФФЕКТИВНЫМИ. ТАКЖЕ, ЭТОТ КОРАБЛЬ СПОСОБЕН РАЗВИВАТЬ СКОРОСТЬ, ПРЕВЫШАЮЩУЮ СКОРОСТЬ ЛЮБЫХ НЛО, С КОТОРЫМИ МЫ СТАЛКИВАЛИСЬ РАНЕЕ.&#10;&#10;КАК И ЕГО ПРЕДШЕСТВЕННИК, ШТУРМОВИК ОБЛАДАЕТ НЕОБЫЧНО БОЛЬШИМ ЭКИПАЖЕМ ДЛЯ СВОЕГО РАЗМЕРА. ОДНАКО, В ОТЛИЧИЕ ОТ ПРЕДЫДУЩЕЙ МОДЕЛИ, ОН, ПОХОЖЕ, НЕ ПРЕДНАЗНАЧЕН ДЛЯ ВЕДЕНИЯ ДЛИТЕЛЬНЫХ ОПЕРАЦИЙ. ДЕЙСТВИТЕЛЬНО, С УЧЁТОМ ЗНАЧИТЕЛЬНОГО ПРОСТРАНСТВА, ЗАНИМАЕМОГО СИСТЕМОЙ ВООРУЖЕНИЯ, ЕДВА ХВАТАЕТ МЕСТА ДЛЯ СОЛДАТ, НЕ ГОВОРЯ УЖЕ О ПРИПАСАХ ДЛЯ БАЗЫ. УЧИТЫВАЯ ЭТИ ОБСТОЯТЕЛЬСТВА, Я ПРИШЁЛ К ВЫВОДУ, ЧТО ЭТОТ ТИП КОРАБЛЯ, БЛАГОДАРЯ СВОЕЙ ОГНЕВОЙ МОЩИ И СКОРОСТИ, ПРЕДНАЗНАЧЕН ДЛЯ ПРЕОДОЛЕНИЯ ОБОРОНИТЕЛЬНЫХ ЛИНИЙ И НАНЕСЕНИЯ УДАРОВ ВГЛУБЬ НАШЕЙ ТЕРРИТОРИИ.</Data></Cell>
   </Row>
   <Row ss:AutoFitHeight="0" ss:Height="140.25" ss:StyleID="s71">
    <Cell ss:StyleID="s75"><Data ss:Type="String">airplane.alien.dreadnought</Data></Cell>
    <Cell ss:StyleID="s76"><Data ss:Type="String">Дредноут</Data></Cell>
    <Cell ss:StyleID="s76"><Data ss:Type="String">xenopediaimages/UFOdreadnought</Data></Cell>
    <Cell ss:StyleID="s77"><Data ss:Type="String">ЛЕТАТЕЛЬНЫЕ АППАРАТЫ ПРИШЕЛЬЦЕВ</Data></Cell>
    <Cell ss:StyleID="s78"><Data ss:Type="String">UFO</Data></Cell>
    <Cell ss:StyleID="s70"><Data ss:Type="String">ЕСЛИ ЛИНКОР МОЖНО БЫЛО НАЗВАТЬ &quot;ГРОЗОЙ&quot;, ТО ДРЕДНОУТ ВПОЛНЕ ЗАСЛУЖИВАЕТ ЗВАНИЯ &quot;ТАЙФУНА&quot;. У МЕНЯ ЕСТЬ ОСНОВАНИЯ ПОЛАГАТЬ, ЧТО ДРЕДНОУТ ЯВЛЯЕТСЯ САМЫМ МОЩНЫМ КЛАССОМ КОРАБЛЕЙ ПРИШЕЛЬЦЕВ В ИХ ФЛОТЕ. ЭКИПАЖ ЭТОГО СУДНА ВНУШАЕТ СТРАХ, ТАК КАК В НЁМ СОБРАНЫ ЛУЧШИЕ ПРЕДСТАВИТЕЛИ АРМИИ ПРИШЕЛЬЦЕВ.&#10;&#10;ДРЕДНОУТ ОБЛАДАЕТ ЕЩЁ БОЛЬШЕЙ СКОРОСТЬЮ И БРОНЕВОЙ ЗАЩИТОЙ, ЧЕМ ЛИНКОР. ОН РАЗВИВАЕТ СКОРОСТЬ ДО 4800 КИЛОМЕТРОВ В ЧАС И ИМЕЕТ ЗАКАЛЁННУЮ ЭЛЕНИЕВУЮ ОБШИВКУ ТОЛЩИНОЙ СВЫШЕ МЕТРА. ВООРУЖЕНИЕ ТАКЖЕ ВПЕЧАТЛЯЕТ: МОЩНЫЙ НАПРАВЛЕННЫЙ СПЕРЕДИ ЛУЧ СПОСОБЕН РАЗРУШАТЬ НЕБОСКРЁБЫ, А СИСТЕМА ТОЧЕЧНОЙ ЗАЩИТЫ ДЕЛАЕТ НАШИ ЛЁГКИЕ И ТЯЖЁЛЫЕ РАКЕТЫ НЕЭФФЕКТИВНЫМИ.&#10;&#10;СРАЖАТЬСЯ С ТАКИМ ЧУДОВИЩЕМ С ПОМОЩЬЮ ОБЫЧНЫХ ПЕРЕХВАТЧИКОВ СОВЕРШЕННО НЕЦЕЛЕСООБРАЗНО. ДАЖЕ НАШИМ МАСТИТЫМ &quot;МАРОДЁРАМ&quot; НЕ УГНАТЬСЯ ЗА ЭТИМ СУДНОМ, А ЕСЛИ БЫ ИМ УДАЛОСЬ ЭТО, ОН ЛЕГКО БЫ С НИМИ РАСПРАВИЛСЯ, ТАК КАК ИХ ВООРУЖЕНИЯ БЫЛО БЫ НЕДОСТАТОЧНО. ОДНАКО НЕ ВСЁ ПОТЕРЯНО. НАШИ &quot;ФУРИИ&quot; СПОСОБНЫ ПЕРЕХВАТИТЬ ЭТИ КОРАБЛИ, А СИНГУЛЯРНАЯ ТЯЖЁЛАЯ РАКЕТА МОЖЕТ СДЕТОНИРОВАТЬ ЗА ПРЕДЕЛАМИ ДЕЙСТВИЯ СИСТЕМЫ ТОЧЕЧНОЙ ЗАЩИТЫ.&#10;&#10;Я ТАКЖЕ ХОЧУ ПОДЧЕРКНУТЬ, ЧТО ДАЖЕ ЕСЛИ БЫ МЫ СМОГЛИ УНИЧТОЖИТЬ ДРЕДНОУТ ТРАДИЦИОННЫМИ СПОСОБАМИ, ПОЛУЧЕННЫЕ ПОВРЕЖДЕНИЯ, ВЕРОЯТНО, ПРИВЕЛИ БЫ К МОЩНОЙ ДЕТОНАЦИИ, КОТОРАЯ ПРАКТИЧЕСКИ СТЁРЛА БЫ КОРАБЛЬ С ЛИЦА ЗЕМЛИ. ХОТЯ МНЕ ЖАЛЬ, ЧТО ТЕХНОЛОГИИ, СОДЕРЖАЩИЕСЯ В НЁМ, НЕ ПОДЛЕЖАТ ВОССТАНОВЛЕНИЮ, Я ПОНИМАЮ, ЧТО В БОРЬБЕ С ВЫМИРАНИЕМ ИНОГДА ПРИХОДИТСЯ ИДТИ НА ЖЕРТВЫ.</Data></Cell>
   </Row>
   <Row ss:AutoFitHeight="0" ss:Height="140.25" ss:StyleID="s71">
    <Cell ss:StyleID="s75"><Data ss:Type="String">airplane.alien.battleship</Data></Cell>
    <Cell ss:StyleID="s70" ss:Index="6"><Data ss:Type="String">MODMERGEREPLACE:МЫ ПОЛАГАЕМ, ЧТО ЭТО САМЫЙ БОЛЬШОЙ КЛАСС КОРАБЛЕЙ ПРИШЕЛЬЦЕВ, ТАК КАК НАШИ РАДАРЫ НЕ ЗАСЕКЛИ НА ОРБИТЕ НИЧЕГО БОЛЬШЕ, ЧЕМ ЛИНКОРЫ. MODMERGEWITH:МЫ ПОЛАГАЕМ, ЧТО ЭТО ОДИН ИЗ САМЫХ БОЛЬШИХ КЛАССОВ КОРАБЛЕЙ ПРИШЕЛЬЦЕВ, ТАК КАК НАШИ РАДАРЫ ЗАСЕКЛИ НА ОРБИТЕ ЛИШЬ ОДНАЖДЫ НЕЧТО ЕЩЁ БОЛЬШЕЕ ПО РАЗМЕРАМ.</Data></Cell>
   </Row>
   <Row ss:Index="10">
    <Cell ss:Index="6" ss:StyleID="s79"/>
   </Row>
  </Table>
  <WorksheetOptions xmlns="urn:schemas-microsoft-com:office:excel">
   <Print>
    <ValidPrinterInfo/>
    <PaperSizeIndex>9</PaperSizeIndex>
    <HorizontalResolution>300</HorizontalResolution>
    <VerticalResolution>600</VerticalResolution>
   </Print>
   <Selected/>
   <FreezePanes/>
   <FrozenNoSplit/>
   <SplitHorizontal>1</SplitHorizontal>
   <TopRowBottomPane>4</TopRowBottomPane>
   <ActivePane>2</ActivePane>
   <Panes>
    <Pane>
     <Number>3</Number>
    </Pane>
    <Pane>
     <Number>2</Number>
     <ActiveRow>6</ActiveRow>
     <ActiveCol>1</ActiveCol>
    </Pane>
   </Panes>
   <ProtectObjects>False</ProtectObjects>
   <ProtectScenarios>False</ProtectScenarios>
  </WorksheetOptions>
 </Worksheet>
</Workbook>
