<?xml version="1.0"?>
<?mso-application progid="Excel.Sheet"?>
<Workbook xmlns="urn:schemas-microsoft-com:office:spreadsheet"
 xmlns:o="urn:schemas-microsoft-com:office:office"
 xmlns:x="urn:schemas-microsoft-com:office:excel"
 xmlns:ss="urn:schemas-microsoft-com:office:spreadsheet"
 xmlns:html="http://www.w3.org/TR/REC-html40">
 <DocumentProperties xmlns="urn:schemas-microsoft-com:office:office">
  <Author>Пользователь</Author>
  <LastAuthor>Владимир Щербаков</LastAuthor>
  <Created>2024-10-01T19:14:36Z</Created>
  <LastSaved>2024-10-01T20:17:01Z</LastSaved>
  <Version>16.00</Version>
 </DocumentProperties>
 <OfficeDocumentSettings xmlns="urn:schemas-microsoft-com:office:office">
  <AllowPNG/>
 </OfficeDocumentSettings>
 <ExcelWorkbook xmlns="urn:schemas-microsoft-com:office:excel">
  <WindowHeight>5205</WindowHeight>
  <WindowWidth>14355</WindowWidth>
  <WindowTopX>7320</WindowTopX>
  <WindowTopY>3075</WindowTopY>
  <TabRatio>221</TabRatio>
  <RefModeR1C1/>
  <ProtectStructure>False</ProtectStructure>
  <ProtectWindows>False</ProtectWindows>
 </ExcelWorkbook>
 <Styles>
  <Style ss:ID="Default" ss:Name="Normal">
   <Alignment ss:Vertical="Bottom"/>
   <Borders/>
   <Font ss:FontName="Arial" x:CharSet="238"/>
   <Interior/>
   <NumberFormat/>
   <Protection/>
  </Style>
  <Style ss:ID="s62" ss:Name="Normal 2">
   <Alignment ss:Vertical="Bottom"/>
   <Borders/>
   <Font ss:FontName="Arial" x:Family="Swiss"/>
   <Interior/>
   <NumberFormat/>
   <Protection/>
  </Style>
  <Style ss:ID="s63">
   <Alignment ss:Horizontal="Center" ss:Vertical="Bottom"/>
  </Style>
  <Style ss:ID="s64">
   <Alignment ss:Horizontal="Left" ss:Vertical="Bottom"/>
  </Style>
  <Style ss:ID="s67">
   <Borders>
    <Border ss:Position="Bottom" ss:LineStyle="Continuous" ss:Weight="1"/>
    <Border ss:Position="Left" ss:LineStyle="Continuous" ss:Weight="1"/>
    <Border ss:Position="Right" ss:LineStyle="Continuous" ss:Weight="1"/>
    <Border ss:Position="Top" ss:LineStyle="Continuous" ss:Weight="1"/>
   </Borders>
  </Style>
  <Style ss:ID="s68">
   <Alignment ss:Horizontal="Center" ss:Vertical="Center"/>
   <Borders>
    <Border ss:Position="Bottom" ss:LineStyle="Continuous" ss:Weight="1"/>
    <Border ss:Position="Left" ss:LineStyle="Continuous" ss:Weight="1"/>
    <Border ss:Position="Right" ss:LineStyle="Continuous" ss:Weight="1"/>
    <Border ss:Position="Top" ss:LineStyle="Continuous" ss:Weight="1"/>
   </Borders>
   <Interior ss:Color="#969696" ss:Pattern="Solid"/>
  </Style>
  <Style ss:ID="s69">
   <Alignment ss:Horizontal="Left" ss:Vertical="Center"/>
   <Borders>
    <Border ss:Position="Bottom" ss:LineStyle="Continuous" ss:Weight="1"/>
    <Border ss:Position="Left" ss:LineStyle="Continuous" ss:Weight="1"/>
    <Border ss:Position="Right" ss:LineStyle="Continuous" ss:Weight="1"/>
    <Border ss:Position="Top" ss:LineStyle="Continuous" ss:Weight="1"/>
   </Borders>
   <Interior ss:Color="#969696" ss:Pattern="Solid"/>
  </Style>
  <Style ss:ID="s70">
   <Interior ss:Color="#92D050" ss:Pattern="Solid"/>
  </Style>
  <Style ss:ID="s71">
   <Alignment ss:Horizontal="Center" ss:Vertical="Bottom"/>
   <Interior ss:Color="#92D050" ss:Pattern="Solid"/>
  </Style>
  <Style ss:ID="s72">
   <Alignment ss:Horizontal="Left" ss:Vertical="Bottom" ss:WrapText="1"/>
   <Font ss:FontName="Arial" x:Family="Swiss"/>
   <Interior ss:Color="#92D050" ss:Pattern="Solid"/>
  </Style>
  <Style ss:ID="s73">
   <Alignment ss:Horizontal="Center" ss:Vertical="Bottom" ss:WrapText="1"/>
  </Style>
  <Style ss:ID="s74">
   <Alignment ss:Vertical="Center"/>
   <Font ss:FontName="Arial" x:CharSet="238" x:Family="Swiss"/>
   <Interior ss:Color="#92D050" ss:Pattern="Solid"/>
  </Style>
  <Style ss:ID="s75">
   <Alignment ss:Vertical="Bottom" ss:WrapText="1"/>
   <Borders/>
   <Font ss:FontName="Arial" x:Family="Swiss"/>
   <Interior ss:Color="#92D050" ss:Pattern="Solid"/>
   <NumberFormat/>
   <Protection/>
  </Style>
  <Style ss:ID="s76">
   <Font ss:FontName="Arial" x:Family="Swiss"/>
   <Interior ss:Color="#92D050" ss:Pattern="Solid"/>
  </Style>
  <Style ss:ID="s77">
   <Alignment ss:Vertical="Center"/>
   <Interior ss:Color="#92D050" ss:Pattern="Solid"/>
  </Style>
  <Style ss:ID="s78">
   <Alignment ss:Vertical="Center"/>
   <Font ss:FontName="Arial" x:CharSet="238" x:Family="Swiss" ss:Color="#C0C0C0"/>
  </Style>
  <Style ss:ID="s79">
   <Font ss:FontName="Arial" x:CharSet="238" x:Family="Swiss" ss:Color="#C0C0C0"/>
  </Style>
  <Style ss:ID="s80">
   <Alignment ss:Horizontal="Center" ss:Vertical="Bottom"/>
   <Font ss:FontName="Arial" x:CharSet="238" x:Family="Swiss" ss:Color="#C0C0C0"/>
  </Style>
  <Style ss:ID="s81">
   <Alignment ss:Horizontal="Left" ss:Vertical="Bottom" ss:WrapText="1"/>
   <Font ss:FontName="Arial" x:CharSet="238" x:Family="Swiss" ss:Color="#C0C0C0"/>
  </Style>
  <Style ss:ID="s82">
   <Font ss:FontName="Arial" x:Family="Swiss" ss:Color="#FF0000"/>
  </Style>
  <Style ss:ID="s85">
   <Font ss:FontName="Arial" x:Family="Swiss"/>
  </Style>
  <Style ss:ID="s88">
   <Alignment ss:Vertical="Center"/>
   <Interior ss:Color="#00B0F0" ss:Pattern="Solid"/>
  </Style>
  <Style ss:ID="s89">
   <Interior ss:Color="#00B0F0" ss:Pattern="Solid"/>
  </Style>
  <Style ss:ID="s90">
   <Alignment ss:Horizontal="Center" ss:Vertical="Bottom"/>
   <Interior ss:Color="#00B0F0" ss:Pattern="Solid"/>
  </Style>
  <Style ss:ID="s91">
   <Alignment ss:Horizontal="Left" ss:Vertical="Bottom" ss:WrapText="1"/>
   <Interior ss:Color="#00B0F0" ss:Pattern="Solid"/>
  </Style>
  <Style ss:ID="s92">
   <Alignment ss:Horizontal="Left" ss:Vertical="Bottom" ss:WrapText="1"/>
   <Font ss:FontName="Arial" x:Family="Swiss"/>
   <Interior/>
  </Style>
  <Style ss:ID="s93">
   <Alignment ss:Horizontal="Left" ss:Vertical="Bottom" ss:WrapText="1"/>
   <Font ss:FontName="Arial" x:Family="Swiss"/>
  </Style>
  <Style ss:ID="s94">
   <Alignment ss:Horizontal="Left" ss:Vertical="Bottom"/>
   <Interior ss:Color="#00B0F0" ss:Pattern="Solid"/>
  </Style>
  <Style ss:ID="s96" ss:Parent="s62">
   <Alignment ss:Vertical="Center"/>
   <Interior ss:Color="#92D050" ss:Pattern="Solid"/>
  </Style>
  <Style ss:ID="s97">
   <Alignment ss:Horizontal="Left" ss:Vertical="Bottom" ss:WrapText="1"/>
  </Style>
  <Style ss:ID="s98">
   <Alignment ss:Vertical="Center" ss:WrapText="1"/>
   <Font ss:FontName="Arial" x:CharSet="238" x:Family="Swiss"/>
   <Interior ss:Color="#00B0F0" ss:Pattern="Solid"/>
  </Style>
  <Style ss:ID="s99" ss:Parent="s62">
   <Alignment ss:Vertical="Center" ss:WrapText="1"/>
   <Interior ss:Color="#92D050" ss:Pattern="Solid"/>
  </Style>
  <Style ss:ID="s100">
   <Font ss:FontName="Arial" x:Family="Swiss" ss:Color="#000000"/>
  </Style>
  <Style ss:ID="s103" ss:Parent="s62">
   <Alignment ss:Vertical="Center" ss:WrapText="1"/>
   <Font ss:FontName="Arial" x:Family="Swiss" ss:Color="#000000"/>
   <Interior ss:Color="#92D050" ss:Pattern="Solid"/>
  </Style>
  <Style ss:ID="s104">
   <Font ss:FontName="Arial" x:Family="Swiss" ss:Color="#000000"/>
   <Interior ss:Color="#92D050" ss:Pattern="Solid"/>
  </Style>
  <Style ss:ID="s105">
   <Alignment ss:Horizontal="Center" ss:Vertical="Bottom"/>
   <Font ss:FontName="Arial" x:Family="Swiss" ss:Color="#000000"/>
   <Interior ss:Color="#92D050" ss:Pattern="Solid"/>
  </Style>
  <Style ss:ID="s106">
   <Alignment ss:Horizontal="Left" ss:Vertical="Bottom" ss:WrapText="1"/>
   <Font ss:FontName="Arial" x:Family="Swiss" ss:Color="#000000"/>
   <Interior ss:Color="#92D050" ss:Pattern="Solid"/>
  </Style>
  <Style ss:ID="s107" ss:Parent="s62">
   <Alignment ss:Vertical="Center" ss:WrapText="1"/>
   <Font ss:FontName="Arial" x:Family="Swiss"/>
   <Interior ss:Color="#92D050" ss:Pattern="Solid"/>
  </Style>
  <Style ss:ID="s108">
   <Alignment ss:Horizontal="Center" ss:Vertical="Bottom"/>
   <Font ss:FontName="Arial" x:Family="Swiss"/>
   <Interior ss:Color="#92D050" ss:Pattern="Solid"/>
  </Style>
  <Style ss:ID="s109" ss:Parent="s62">
   <Alignment ss:Vertical="Center"/>
   <Font ss:FontName="Arial" x:Family="Swiss" ss:Color="#000000"/>
   <Interior ss:Color="#92D050" ss:Pattern="Solid"/>
  </Style>
  <Style ss:ID="s110" ss:Parent="s62">
   <Alignment ss:Vertical="Center"/>
   <Font ss:FontName="Arial" x:Family="Swiss"/>
   <Interior ss:Color="#92D050" ss:Pattern="Solid"/>
  </Style>
  <Style ss:ID="s111">
   <Font ss:FontName="Arial" x:Family="Swiss"/>
   <Interior/>
  </Style>
  <Style ss:ID="s112">
   <Font ss:FontName="Arial" x:Family="Swiss" ss:Color="#C0C0C0"/>
  </Style>
  <Style ss:ID="s113">
   <Alignment ss:Horizontal="Center" ss:Vertical="Bottom"/>
   <Font ss:FontName="Arial" x:Family="Swiss" ss:Color="#C0C0C0"/>
  </Style>
  <Style ss:ID="s114">
   <Alignment ss:Horizontal="Left" ss:Vertical="Bottom"/>
   <Font ss:FontName="Arial" x:Family="Swiss" ss:Color="#C0C0C0"/>
  </Style>
  <Style ss:ID="s115">
   <Alignment ss:Vertical="Center"/>
   <Font ss:FontName="Arial" x:Family="Swiss" ss:Color="#C0C0C0"/>
  </Style>
  <Style ss:ID="s116">
   <Alignment ss:Horizontal="Left" ss:Vertical="Bottom" ss:WrapText="1"/>
   <Font ss:FontName="Arial" x:Family="Swiss" ss:Color="#C0C0C0"/>
  </Style>
 </Styles>
 <Names>
  <NamedRange ss:Name="Categories" ss:RefersTo="=Sheet1!#REF!"/>
 </Names>
 <Worksheet ss:Name="Sheet1">
  <Table ss:ExpandedColumnCount="22" ss:ExpandedRowCount="144" x:FullColumns="1"
   x:FullRows="1">
   <Column ss:AutoFitWidth="0" ss:Width="232.5" ss:Span="1"/>
   <Column ss:Index="3" ss:AutoFitWidth="0" ss:Width="188.25"/>
   <Column ss:StyleID="s63" ss:AutoFitWidth="0" ss:Width="130.5"/>
   <Column ss:StyleID="s63" ss:AutoFitWidth="0" ss:Width="80.25"/>
   <Column ss:StyleID="s64" ss:AutoFitWidth="0" ss:Width="1067.25"/>
   <Column ss:AutoFitWidth="0" ss:Width="537"/>
   <Row ss:StyleID="s67">
    <Cell ss:StyleID="s68"><Data ss:Type="String">Name</Data></Cell>
    <Cell ss:StyleID="s68"><Data ss:Type="String">DisplayName</Data></Cell>
    <Cell ss:StyleID="s68"><Data ss:Type="String">Image</Data></Cell>
    <Cell ss:StyleID="s68"><Data ss:Type="String">Category</Data></Cell>
    <Cell ss:StyleID="s68"><Data ss:Type="String">Interface</Data></Cell>
    <Cell ss:StyleID="s69"><Data ss:Type="String">Description</Data></Cell>
   </Row>
   <Row ss:AutoFitHeight="0" ss:Height="114.75">
    <Cell ss:StyleID="s72"><Data ss:Type="String">AV.SCATTERLASER</Data></Cell>
    <Cell ss:StyleID="s72"><Data ss:Type="String">Лучемёт</Data></Cell>
    <Cell ss:StyleID="s72"><Data ss:Type="String">xenopediaimages/scatterlaser_cannon</Data></Cell>
    <Cell ss:StyleID="s72"><Data ss:Type="String">ОРУЖИЕ ДЛЯ АВИАЦИИ КСЕНОНАВТОВ</Data></Cell>
    <Cell ss:StyleID="s72"><Data ss:Type="String">ACW</Data></Cell>
    <Cell ss:StyleID="s72"><Data ss:Type="String">ХОТЬ НА ПЕРВЫЙ ВЗГЛЯД ОН И ПОХОЖ НА ОБЫЧНЫЕ АВИАПУШКИ, ПРИМЕНЯЕМЫЕ НА НАШИХ ПЕРЕХВАТЧИКАХ, ПРИ БЛИЖАЙШЕМ РАССМОТРЕНИИ СХОДСТВО ЛУЧЕМЁТА С ЕГО ПРЕДШЕСТВЕННИКОМ ЗАКАНЧИВАЕТСЯ. МЫ СОКРАТИЛИ КОЛИЧЕСТВО СТВОЛОВ ДО ТРЁХ, И ВМЕСТО БАЛЛИСТИЧЕСКИХ СНАРЯДОВ В НИХ ТЕПЕРЬ ПОМЕЩАЕТСЯ ТРОЙКА НАИБОЛЕЕ ПЕРСПЕКТИВНЫХ ПРОТОТИПОВ БОЕВЫХ ЛАЗЕРОВ ИЗ НАШИХ ЛАБОРАТОРИЙ. УЧИТЫВАЯ НАШИ АТМОСФЕРНЫЕ УСЛОВИЯ, ОСЛАБЛЯЮЩИЕ ЛУЧИ ЛУЧЕМЁТА, ЕГО ЭФФЕКТИВНАЯ ДАЛЬНОСТЬ ЛИШЬ НА 15% ВЫШЕ, ЧЕМ У АВИАПУШКИ. ОДНАКО НЛО, С КОТОРЫМИ МЫ СТАЛКИВАЕМСЯ, КАЖУТСЯ БОЛЕЕ ВОСПРИИМЧИВЫМИ К ТЕПЛОВЫМ ПОВРЕЖДЕНИЯМ ЛАЗЕРА, ПО СРАВНЕНИЮ С ОБЫЧНЫМИ БАЛЛИСТИЧЕСКИМИ СНАРЯДАМИ. ПО НАШИМ ОЦЕНКАМ, В ПРЕДЕЛАХ СВОЕГО БОЕВОГО ДИАПАЗОНА ЛУЧЕМЁТ В ДВА РАЗА ЭФФЕКТИВНЕЕ НАНОСИТ ПОВРЕЖДЕНИЯ ВРАЖЕСКИМ КОРАБЛЯМ.</Data></Cell>
   </Row>
   <Row ss:AutoFitHeight="0" ss:Height="114.75">
    <Cell ss:StyleID="s72"><Data ss:Type="String">AV.ALENIUMMISSILE</Data></Cell>
    <Cell ss:StyleID="s72"><Data ss:Type="String">Элениевая ракета</Data></Cell>
    <Cell ss:StyleID="s72"><Data ss:Type="String">xenopediaimages/alenium_missile</Data></Cell>
    <Cell ss:StyleID="s72"><Data ss:Type="String">ОРУЖИЕ ДЛЯ АВИАЦИИ КСЕНОНАВТОВ</Data></Cell>
    <Cell ss:StyleID="s72"><Data ss:Type="String">ACW</Data></Cell>
    <Cell ss:StyleID="s72"><Data ss:Type="String">МОДЕРНИЗАЦИЯ НАШИХ &quot;ШТОРМОВ&quot; ЭЛЕНИЕВЫМИ БОЕГОЛОВКАМИ БЫЛА ОТНОСИТЕЛЬНО ПРОСТОЙ. УСТАНОВКА ТАКОГО ЖЕ КОЛИЧЕСТВА ЭЛЕНИЯ, КАК И ОБЫЧНЫХ ВЗРЫВЧАТЫХ ВЕЩЕСТВ, КОТОРЫЕ МЫ ИСПОЛЬЗОВАЛИ РАНЕЕ, РЕЗКО УВЕЛИЧИЛА БЫ МОЩНОСТЬ ВЗРЫВА, ПОЭТОМУ МЫ ОСТАНОВИЛИСЬ НА СБАЛАНСИРОВАННОМ ВАРИАНТЕ. НОВАЯ РАКЕТА ОБЕСПЕЧИТ УВЕЛИЧЕНИЕ УРОНА, НАНОСИМОГО ИНОПЛАНЕТНЫМ КОРАБЛЯМ, НА 50%. ВЕС, СЭКОНОМЛЕННЫЙ ЗА СЧЁТ УМЕНЬШЕНИЯ БОЕГОЛОВКИ, ПОЗВОЛИЛ НАМ УВЕЛИЧИТЬ КОЛИЧЕСТВО ГОРЮЧЕГО, ТЕМ САМЫМ УВЕЛИЧИВ ДАЛЬНОСТЬ ПОЛЁТА РАКЕТЫ. НАКОНЕЦ, АНАЛИЗ ИНОПЛАНЕТНЫХ КОРАБЛЕЙ, ПОЛУЧЕННЫХ В РЕЗУЛЬТАТЕ ВОЗДУШНЫХ БОЕВ, ДАЛ НАМ НЕКОТОРЫЕ ИДЕИ ПО АДАПТАЦИИ НАШИХ СИСТЕМ ПРИЦЕЛИВАНИЯ &quot;ВОЗДУХ-ВОЗДУХ&quot; ДЛЯ ОТСЛЕЖИВАНИЯ ИСКЛЮЧИТЕЛЬНО НЛО. ЭЛЕНИЕВАЯ РАКЕТА - ПЕРВАЯ, ПОЛУЧИВШАЯ ПРЕИМУЩЕСТВА ОТ ЭТОЙ РАБОТЫ, ЧТО ПОЗВОЛИЛО ЕЙ ЗНАЧИТЕЛЬНО СОКРАТИТЬ ВРЕМЯ НАВЕДЕНИЯ НА ЦЕЛЬ ПО СРАВНЕНИЮ С ПРЕДШЕСТВЕННИКОМ.</Data></Cell>
   </Row>
   <Row ss:AutoFitHeight="0" ss:Height="114.75">
    <Cell ss:StyleID="s72"><Data ss:Type="String">AV.ALENIUMTORP</Data></Cell>
    <Cell ss:StyleID="s72"><Data ss:Type="String">Элениевая тяжёлая ракета</Data></Cell>
    <Cell ss:StyleID="s72"><Data ss:Type="String">xenopediaimages/alenium_torpedo</Data></Cell>
    <Cell ss:StyleID="s72"><Data ss:Type="String">ОРУЖИЕ ДЛЯ АВИАЦИИ КСЕНОНАВТОВ</Data></Cell>
    <Cell ss:StyleID="s72"><Data ss:Type="String">ACW</Data></Cell>
    <Cell ss:StyleID="s72"><Data ss:Type="String">МЫ БЫЛИ НЕМНОГО УДИВЛЕНЫ ТЕМ, НАСКОЛЬКО ЭФФЕКТИВНОЙ ОКАЗАЛАСЬ ИМПРОВИЗИРОВАННАЯ ТЯЖЁЛАЯ РАКЕТА &quot;ЛАВИНА&quot; ПРОТИВ БОЛЕЕ КРУПНЫХ И МЕНЕЕ МАНЕВРЕННЫХ ИНОПЛАНЕТНЫХ КОРАБЛЕЙ. МЫ РЕШИЛИ УСОВЕРШЕНСТВОВАТЬ КОНСТРУКЦИЮ ВМЕСТЕ С ЭЛЕНИЕВОЙ РАКЕТОЙ. БОЛЬШАЯ ЭЛЕНИЕВАЯ БОЕГОЛОВКА ДОЛЖНА УВЕЛИЧИТЬ УРОН ТАКОЙ ТОРПЕДЫ НА 30% ПО СРАВНЕНИЮ С &quot;ЛАВИНОЙ&quot;. МОДЕРНИЗИРОВАННАЯ КОНСТРУКЦИЯ ТАКЖЕ ОТЛИЧАЕТСЯ УВЕЛИЧЕННОЙ ДАЛЬНОСТЬЮ ПОЛЁТА.</Data></Cell>
   </Row>
   <Row ss:AutoFitHeight="0" ss:Height="114.75">
    <Cell ss:StyleID="s72"><Data ss:Type="String">AV.PLASMABLASTER</Data></Cell>
    <Cell ss:StyleID="s72"><Data ss:Type="String">Плазменный бластер</Data></Cell>
    <Cell ss:StyleID="s72"><Data ss:Type="String">xenopediaimages/plasmablaster_cannon</Data></Cell>
    <Cell ss:StyleID="s72"><Data ss:Type="String">ОРУЖИЕ ДЛЯ АВИАЦИИ КСЕНОНАВТОВ</Data></Cell>
    <Cell ss:StyleID="s72"><Data ss:Type="String">ACW</Data></Cell>
    <Cell ss:StyleID="s72"><Data ss:Type="String">МЫ НАКОНЕЦ-ТО СМОГЛИ ИНТЕГРИРОВАТЬ ПЛАЗМЕННУЮ ТЕХНОЛОГИЮ ПРИШЕЛЬЦЕВ В НАШЕ СОБСТВЕННОЕ АВИАЦИОННОЕ ОРУЖИЕ. С УЧЁТОМ ОТНОСИТЕЛЬНО НЕБОЛЬШИХ ОГРАНИЧЕНИЙ ПО РАЗМЕРУ И ВЕСУ ТОЧЕК ПОДВЕСА НАШЕГО САМОЛЕТА, НАМ УДАЛОСЬ ЗАКРЕПИТЬ ПЛАЗМЕННУЮ УСТАНОВКУ, СПОСОБНУЮ СОЗДАВАТЬ ВПЕЧАТЛЯЮЩИЙ ПОТОК ПЕРЕГРЕТЫХ ЧАСТИЦ. ОНА ОКАЗАЛОСЬ НА 50% ЭФФЕКТИВНЕЕ НАШЕГО ЛАЗЕРНОГО ОРУЖИЯ ПРИ ПОРАЖЕНИИ ИНОПЛАНЕТНЫХ КОРАБЛЕЙ. ДОПОЛНИТЕЛЬНЫМ БОНУСОМ ЯВЛЯЕТСЯ ЭФФЕКТИВНОСТЬ ГРАВИТОННЫХ ГЕНЕРАТОРОВ, КОТОРЫЕ МЫ УСТАНОВИЛИ НА КОНЦЕ ПЛАЗМЕННОГО БЛАСТЕРА. МЫ ОБНАРУЖИЛИ, ЧТО ОНИ СОБИРАЮТ ПЛАЗМУ В ОТДЕЛЬНЫЕ ПУЧКИ, КОТОРЫЕ МОГУТ СОВМЕСТНО ПЕРЕМЕЩАТЬСЯ НА УДИВИТЕЛЬНО БОЛЬШОЕ РАССТОЯНИЕ, ОБЕСПЕЧИВАЯ ПОВЫШЕННУЮ ДАЛЬНОСТЬ ПОРАЖЕНИЯ НАШИМИ ИСТРЕБИТЕЛЯМИ.</Data></Cell>
   </Row>
   <Row ss:AutoFitHeight="0" ss:Height="114.75">
    <Cell ss:StyleID="s72"><Data ss:Type="String">AV.PLASMAMISSILE</Data></Cell>
    <Cell ss:StyleID="s72"><Data ss:Type="String">Плазменная ракета</Data></Cell>
    <Cell ss:StyleID="s72"><Data ss:Type="String">xenopediaimages/plasma_missile</Data></Cell>
    <Cell ss:StyleID="s72"><Data ss:Type="String">ОРУЖИЕ ДЛЯ АВИАЦИИ КСЕНОНАВТОВ</Data></Cell>
    <Cell ss:StyleID="s72"><Data ss:Type="String">ACW</Data></Cell>
    <Cell ss:StyleID="s72"><Data ss:Type="String">МЫ ОБНАРУЖИЛИ, ЧТО БРОНЯ САМЫХ СОВРЕМЕННЫХ ИСТРЕБИТЕЛЕЙ ПРИШЕЛЬЦЕВ СТАНОВИТСЯ ВСЁ БОЛЕЕ УСТОЙЧИВОЙ К БОЕГОЛОВКАМ ЭЛЕНИЕВЫХ РАКЕТ. НАШЕ НОВОЕ РЕШЕНИЕ В ЗНАЧИТЕЛЬНОЙ СТЕПЕНИ ЗАИМСТВОВАНО У ПЛАЗМЕННОЙ ТЯЖЁЛОЙ РАКЕТЫ. ПОЛУЧЕННАЯ ПЛАЗМЕННАЯ РАКЕТА ДОЛЖНА ОБЕСПЕЧИТЬ, ПО КРАЙНЕЙ МЕРЕ, 66-ТИ ПРОЦЕНТНОЕ УВЕЛИЧЕНИЕ УРОНА ПО СРАВНЕНИЮ С ПРЕДЫДУЩИМ ВАРИАНТОМ. МЫ ТАКЖЕ ЗАКОНЧИЛИ ИСПЫТАНИЯ НОВОЙ СМЕСИ РАКЕТНОГО ТОПЛИВА, КОТОРАЯ ИСПОЛЬЗУЕТСЯ В ПЛАЗМЕННОЙ РАКЕТЕ. ХОТЯ ЭТА СМЕСЬ НЕ НАМНОГО ЛУЧШЕ НАШЕЙ СТАРОЙ, ОНА ДОЛЖНА ОБЕСПЕЧИТЬ РАКЕТАМ НЕСКОЛЬКО БОЛЬШУЮ ДАЛЬНОСТЬ ПОРАЖЕНИЯ.</Data></Cell>
   </Row>
   <Row ss:AutoFitHeight="0" ss:Height="114.75">
    <Cell ss:StyleID="s72"><Data ss:Type="String">AV.PLASMATORP</Data></Cell>
    <Cell ss:StyleID="s72"><Data ss:Type="String">Плазменная тяжёлая ракета</Data></Cell>
    <Cell ss:StyleID="s72"><Data ss:Type="String">xenopediaimages/plasma_torpedo</Data></Cell>
    <Cell ss:StyleID="s72"><Data ss:Type="String">ОРУЖИЕ ДЛЯ АВИАЦИИ КСЕНОНАВТОВ</Data></Cell>
    <Cell ss:StyleID="s72"><Data ss:Type="String">ACW</Data></Cell>
    <Cell ss:StyleID="s72"><Data ss:Type="String">БРОНИРОВАННАЯ ОБШИВКА КОРАБЛЕЙ ПРИШЕЛЬЦЕВ, С КОТОРЫМИ МЫ ВСТРЕЧАЕМСЯ В ПОСЛЕДНИЕ НЕДЕЛИ, СТАЛА СЕРЬЁЗНОЙ ПРОБЛЕМОЙ ДЛЯ НАС ВО ВРЕМЯ ПЕРЕХВАТА. БОЛЬШАЯ ЧАСТЬ ЭНЕРГИИ ОТ ВЗРЫВНОЙ ВОЛНЫ ЭЛЕНИЕВЫХ ТЯЖЁЛЫХ РАКЕТ ПОГЛОЩАЛАСЬ И РАССЕИВАЛАСЬ ЗАЩИТНЫМИ СЛОЯМИ МАССИВНЫХ НЛО. В ОДНОМ ИЗ ПРОТОТИПОВ, СОЗДАННЫХ В НАШИХ ЛАБОРАТОРИЯХ ДЛЯ РЕШЕНИЯ ЭТОЙ ПРОБЛЕМЫ, ИСПОЛЬЗУЕТСЯ ПЛАЗМЕННЫЙ ГЕНЕРАТОР В КАЧЕСТВЕ СВОЕОБРАЗНОГО ПРОБОЙНИКА В НАКОНЕЧНИКЕ БОЕГОЛОВКИ. ЭФФЕКТ, КОТОРЫЙ ОН ОКАЗЫВАЛ НА БРОНЮ ИНОПЛАНЕТНЫХ КОРАБЛЕЙ, БЫСТРО УБЕДИЛ МЕНЯ ЗАПУСТИТЬ ЕГО В НЕМЕДЛЕННОЕ ПРОИЗВОДСТВО. ИСПОЛЬЗОВАНИЕ НАПРАВЛЕННОГО ПОТОКА ПЛАЗМЫ ИЗ ПРОБОЙНИКА ЗНАЧИТЕЛЬНО ПОВЫСИЛО КОЛИЧЕСТВО ЭНЕРГИИ, КОТОРАЯ ПОСЛЕ ВЗРЫВА ЭЛЕНИЯ ПРОНИКАЕТ ВНУТРЬ НЛО. НОВАЯ УСОВЕРШЕНСТВОВАННАЯ СМЕСЬ ТОПЛИВА ТАКЖЕ ПОЗВОЛИЛА НАМ УВЕЛИЧИТЬ ДАЛЬНОСТЬ ДЕЙСТВИЯ ПЛАЗМЕННОЙ ТЯЖЁЛОЙ РАКЕТЫ.</Data></Cell>
   </Row>
   <Row ss:AutoFitHeight="0" ss:Height="114.75">
    <Cell ss:StyleID="s72"><Data ss:Type="String">AV.MAGSTORM</Data></Cell>
    <Cell ss:StyleID="s72"><Data ss:Type="String">Гаусс-пулемёт</Data></Cell>
    <Cell ss:StyleID="s72"><Data ss:Type="String">xenopediaimages/MAGSTORM_cannon</Data></Cell>
    <Cell ss:StyleID="s72"><Data ss:Type="String">ОРУЖИЕ ДЛЯ АВИАЦИИ КСЕНОНАВТОВ</Data></Cell>
    <Cell ss:StyleID="s72"><Data ss:Type="String">ACW</Data></Cell>
    <Cell ss:StyleID="s72"><Data ss:Type="String">ПОХОЖЕ, МЫ СОВЕРШИЛИ ПОЛНЫЙ ОБОРОТ. НАШЕ НОВЕЙШЕЕ ОРУЖИЕ СНОВА НАНОСИТ КИНЕТИЧЕСКИЕ ПОВРЕЖДЕНИЯ ТОЧНО ТАК ЖЕ, КАК И АВИАПУШКА, КОТОРУЮ МЫ ИСПОЛЬЗОВАЛИ НЕ ТАК ДАВНО. ОДНАКО МАСШТАБЫ И СКОРОСТЬ РАЗРУШЕНИЙ, НА КОТОРЫЕ СПОСОБЕН ГАУСС-ПУЛЕМЁТ, ПОИСТИНЕ ПРЕВОСХОДЯТ ВОЗМОЖНОСТИ ЭТОГО МИРА. ЕСЛИ МЫ НЕ СТАЛКНЁМСЯ С БОЛЕЕ СЕРЬЁЗНОЙ ВНЕЗЕМНОЙ УГРОЗОЙ, ГОРСТКА ТАКИХ ПУЛЕМЁТОВ МОЖЕТ ПЕРЕЛОМИТЬ ХОД ЛЮБОЙ ВОЕННОЙ КАМПАНИИ. К СОЖАЛЕНИЮ, НЕСМОТРЯ НА ЗНАЧИТЕЛЬНОЕ УВЕЛИЧЕНИЕ УРОНА И ДАЛЬНОСТИ ПО СРАВНЕНИЮ С ПЛАЗМЕННЫМ БЛАСТЕРОМ, ГАУСС-ПУЛЕМЁТ ПОЗВОЛЯЕТ НАМ ЛИШЬ УРАВНЯТЬ ШАНСЫ ПЕРЕД ЛИЦОМ БЕСКОНЕЧНЫХ ВОЛН ИНОПЛАНЕТНЫХ ЛИНКОРОВ.</Data></Cell>
   </Row>
   <Row ss:AutoFitHeight="0" ss:Height="114.75">
    <Cell ss:StyleID="s72"><Data ss:Type="String">AV.HYPERMISSILE</Data></Cell>
    <Cell ss:StyleID="s72"><Data ss:Type="String">Термоядерная ракета</Data></Cell>
    <Cell ss:StyleID="s72"><Data ss:Type="String">xenopediaimages/hyper_missile</Data></Cell>
    <Cell ss:StyleID="s72"><Data ss:Type="String">ОРУЖИЕ ДЛЯ АВИАЦИИ КСЕНОНАВТОВ</Data></Cell>
    <Cell ss:StyleID="s72"><Data ss:Type="String">ACW</Data></Cell>
    <Cell ss:StyleID="s72"><Data ss:Type="String">В НАШЕЙ НОВЕЙШЕЙ КОНСТРУКЦИИ РАКЕТЫ, КОТОРАЯ КРЕПИТСЯ НА СПЕЦИАЛЬНЫЕ ТОЧКИ ПОДВЕСКИ НАШИХ ПЕРЕХВАТЧИКОВ, ВЗРЫВООПАСНЫЙ ЭЛЕНИЙ БЫЛ ЗАМЕНЁН НА КОМПАКТНОЕ ТЕРМОЯДЕРНОЕ УСТРОЙСТВО. ИСПЫТАНИЯ ПОКАЗАЛИ, ЧТО МОЩНОСТЬ ПОВРЕЖДЕНИЙ, ВЫЗЫВАЕМЫХ ВЗРЫВОМ ТЕРМОЯДЕРНОЙ РАКЕТЫ НА 50% ПРЕВЫШАЕТ ЭНЕРГИЮ ВЗРЫВА ПЛАЗМЕННОЙ РАКЕТЫ. НАМ ТАКЖЕ УДАЛОСЬ УСОВЕРШЕНСТВОВАТЬ КОНСТРУКЦИЮ РАКЕТНОГО ДВИГАТЕЛЯ, В РЕЗУЛЬТАТЕ ЧЕГО ДИАПАЗОН ПРИМЕНЕНИЯ УВЕЛИЧИЛСЯ ПРИМЕРНО НА 12%. ЭТО ПОЗВОЛИТ НАШИМ ПИЛОТАМ БЫСТРО РАЗОБРАТЬСЯ С ЛЮБЫМИ ВИДАМИ КОРАБЛЕЙ ПРИШЕЛЬЦЕВ, КРОМЕ САМЫХ ПРОДВИНУТЫХ.</Data></Cell>
   </Row>
   <Row ss:AutoFitHeight="0" ss:Height="89.25">
    <Cell ss:StyleID="s72"><Data ss:Type="String">AV.FUSIONTORP</Data></Cell>
    <Cell ss:StyleID="s72"><Data ss:Type="String">Термоядерная тяжёлая ракета</Data></Cell>
    <Cell ss:StyleID="s72"><Data ss:Type="String">xenopediaimages/fusion_torpedo</Data></Cell>
    <Cell ss:StyleID="s72"><Data ss:Type="String">ОРУЖИЕ ДЛЯ АВИАЦИИ КСЕНОНАВТОВ</Data></Cell>
    <Cell ss:StyleID="s72"><Data ss:Type="String">ACW</Data></Cell>
    <Cell ss:StyleID="s72"><Data ss:Type="String">С ТЕХ ПОР, КАК МЫ ВПЕРВЫЕ НАЧАЛИ ЗАМЕЧАТЬ ВРАЖЕСКИЕ ИНОПЛАНЕТНЫЕ КОРАБЛИ В НАШЕМ ВОЗДУШНОМ ПРОСТРАНСТВЕ, МЫ ОБСУЖДАЛИ, ВОЗМОЖНО ЛИ ИСПОЛЬЗОВАТЬ НАШ ЯДЕРНЫЙ АРСЕНАЛ ПРОТИВ ПРИШЕЛЬЦЕВ. ПОДАВЛЯЮЩЕЕ БОЛЬШИНСТВО ВЫСКАЗАЛОСЬ ПРОТИВ ТАКОГО ПОДХОДА, ОДНАКО НЕ ОБОШЛОСЬ И БЕЗ ЯРОСТНОГО СОПРОТИВЛЕНИЯ СТОРОННИКОВ ХОЛОДНОЙ ВОЙНЫ. БОЮСЬ, ЧТО НЕЗАВИСИМО ОТ ТОГО, СПОСОБНО ЛИ НАШЕ ТЕРМОЯДЕРНОЕ ОРУЖИЕ НАНОСИТЬ ПОВРЕЖДЕНИЯ КОРАБЛЯМ ПРИШЕЛЬЦЕВ, ТАКОЙ МЕТОД БОРЬБЫ НЕ ЯВЛЯЕТСЯ РАЦИОНАЛЬНЫМ, ПОСКОЛЬКУ ОН ПОСТЕПЕННО ПРИВЁЛ БЫ НАШУ ПЛАНЕТУ В УДРУЧАЮЩЕЕ СОСТОЯНИЕ. К СЧАСТЬЮ, ПОСЛЕДНИЕ ДОСТИЖЕНИЯ В ОБЛАСТИ ТЕРМОЯДЕРНЫХ ТЕХНОЛОГИЙ НАКОНЕЦ-ТО ДАЛИ НАШИМ УЧЁНЫМ ПОЛНУЮ УВЕРЕННОСТЬ В ТОМ, ЧТО МЫ МОЖЕМ РЕКОМЕНДОВАТЬ УСТАНОВКУ ТАКОГО ОРУЖИЯ НА НАШИ ПЕРЕХВАТЧИКИ. ТЕРМОЯДЕРНАЯ ТЯЖЁЛАЯ РАКЕТА - НАШЕ НОВЕЙШЕЕ ВООРУЖЕНИЕ ПРОТИВ МЕНЕЕ МАНЕВРЕННЫХ НЛО. БЛАГОДАРЯ УВЕЛИЧЕННОМУ УРОНУ И ДАЛЬНОСТИ ДЕЙСТВИЯ, ОНА ДОЛЖНА ДАТЬ НАШИМ ПИЛОТАМ ПРЕИМУЩЕСТВО, НЕОБХОДИМОЕ ДЛЯ ТОГО, ЧТОБЫ СБИВАТЬ САМЫЕ КРУПНЫЕ КОРАБЛИ ПРОТИВНИКА.</Data></Cell>
   </Row>
  </Table>
  <WorksheetOptions xmlns="urn:schemas-microsoft-com:office:excel">
   <Print>
    <ValidPrinterInfo/>
    <PaperSizeIndex>9</PaperSizeIndex>
    <HorizontalResolution>300</HorizontalResolution>
    <VerticalResolution>600</VerticalResolution>
   </Print>
   <Selected/>
   <FreezePanes/>
   <FrozenNoSplit/>
   <SplitHorizontal>1</SplitHorizontal>
   <TopRowBottomPane>106</TopRowBottomPane>
   <ActivePane>2</ActivePane>
   <Panes>
    <Pane>
     <Number>3</Number>
    </Pane>
    <Pane>
     <Number>2</Number>
     <ActiveRow>109</ActiveRow>
     <ActiveCol>1</ActiveCol>
    </Pane>
   </Panes>
   <ProtectObjects>False</ProtectObjects>
   <ProtectScenarios>False</ProtectScenarios>
  </WorksheetOptions>
 </Worksheet>
</Workbook>
